ProjectNumber,SampleNumber,ContinentalRiverBasinCode,RiverBasinCode,RiverSubBasinCode,StationTypeCode,StationNumber,Station,LatitudeDecimalDegrees,LongitudeDecimalDegrees,SampleMatrixCode,SampleTypeCode,CollectionCode,QCSampleFlag,SampleComment,SampleDatetime,103999 ALUMINUM TOTAL RECOVERABLE ug/L,20107 CALCIUM DISSOLVED/FILTERED mg/L,20110 CALCIUM DISSOLVED/FILTERED mg/L,20111 CALCIUM DISSOLVED/FILTERED mg/L,80025 CALCIUM TOTAL RECOVERABLE mg/L,29009 COPPER TOTAL (CU) mg/L,80030 COPPER TOTAL RECOVERABLE ug/L,80041 LEAD TOTAL RECOVERABLE ug/L,28009 NICKEL TOTAL mg/L,80039 NICKEL TOTAL RECOVERABLE ug/L,7205 NITROGEN DISSOLVED NITRITE mg/L,7206 NITROGEN DISSOLVED NITRITE mg/L,7110 NITROGEN DISSOLVED NO3 & NO2 mg/L,7111 NITROGEN DISSOLVED NO3 & NO2 mg/L,7906 NITROGEN PARTICULATE TOTAL mg/L,100922 OXYGEN DISSOLVED (FIELD METER) mg/L,80558 OXYGEN DISSOLVED (FIELD METER) mg/L,8102 OXYGEN DISSOLVED (FIELD METER) mg/L,8101 OXYGEN DISSOLVED (WINKLER) mg/L,10301 PH (LAB) pH units,15422 PHOSPHORUS TOTAL (P) mg/L,15114 PHOSPHORUS TOTAL DISSOLVED mg/L,2074 TURBIDITY NTU,23009 VANADIUM TOTAL mg/L,80055 VANADIUM TOTAL RECOVERABLE ug/L
ABS002,88AB003274,MAC,ATH,07CE,1,AB07CE0110,"GREGOIRE LAKE, PROFILE",56.455780,-111.154460,0,1,,N,,08/18/1988 10:30:00,,,15,,,0.002,,,0.003,,L0.005,,,0.023,0.18,,,,,7.5,,,5.3,L0.002,
ABS002,89AB003284,MAC,ATH,07CE,1,AB07CE0110,"GREGOIRE LAKE, PROFILE",56.455780,-111.154460,0,1,122,N,,09/13/1989 12:30:00,,,,,,,,,,,,,,,,,,9.6,,,,,,,
ABS002,89AB003285,MAC,ATH,07CE,1,AB07CE0110,"GREGOIRE LAKE, PROFILE",56.455780,-111.154460,0,1,122,N,,09/13/1989 12:31:00,,,,,,,,,,,,,,,,,,9.5,,,,,,,
ABS002,89AB003286,MAC,ATH,07CE,1,AB07CE0110,"GREGOIRE LAKE, PROFILE",56.455780,-111.154460,0,1,122,N,,09/13/1989 12:32:00,,,,,,,,,,,,,,,,,,9.4,,,,,,,
ABS002,89AB003287,MAC,ATH,07CE,1,AB07CE0110,"GREGOIRE LAKE, PROFILE",56.455780,-111.154460,0,1,122,N,,09/13/1989 12:33:00,,,,,,,,,,,,,,,,,,9.2,,,,,,,
ABS002,89AB003288,MAC,ATH,07CE,1,AB07CE0110,"GREGOIRE LAKE, PROFILE",56.455780,-111.154460,0,1,122,N,,09/13/1989 12:34:00,,,,,,,,,,,,,,,,,,8.9,,,,,,,
ABS002,89AB003289,MAC,ATH,07CE,1,AB07CE0110,"GREGOIRE LAKE, PROFILE",56.455780,-111.154460,0,1,122,N,,09/13/1989 12:35:00,,,,,,,,,,,,,,,,,,9.44,,,,,,,
ABS002,89AB003290,MAC,ATH,07CE,1,AB07CE0110,"GREGOIRE LAKE, PROFILE",56.455780,-111.154460,0,1,122,N,,09/13/1989 12:36:00,,,,,,,,,,,,,,,,,,8.6,,,,,,,
ABS002,90AB001758,MAC,ATH,07CE,1,AB07CE0110,"GREGOIRE LAKE, PROFILE",56.455780,-111.154460,0,1,,N,,03/16/1990 11:31:00,,21,,,,,,,,,0.001,,,0.07,,,,11,11.38,7.28,0.0187,0.014,,,
ABS002,90AB001759,MAC,ATH,07CE,1,AB07CE0110,"GREGOIRE LAKE, PROFILE",56.455780,-111.154460,0,1,122,N,,03/16/1990 11:32:00,,,,,,,,,,,,,,,,,,10.2,,,,,,,
ABS002,90AB001760,MAC,ATH,07CE,1,AB07CE0110,"GREGOIRE LAKE, PROFILE",56.455780,-111.154460,0,1,,N,,03/16/1990 11:33:00,,20,,,,,,,,,0.001,,,0.09,,,,9.7,9.44,7.23,0.0143,0.0116,,,
ABS002,90AB001761,MAC,ATH,07CE,1,AB07CE0110,"GREGOIRE LAKE, PROFILE",56.455780,-111.154460,0,1,122,N,,03/16/1990 11:34:00,,,,,,,,,,,,,,,,,,6.3,,,,,,,
ABS002,90AB001762,MAC,ATH,07CE,1,AB07CE0110,"GREGOIRE LAKE, PROFILE",56.455780,-111.154460,0,1,,N,,03/16/1990 11:35:00,,21,,,,,,,,,0.001,,,0.138,,,,4.5,4.89,7.15,0.0169,0.0132,,,
ABS002,90AB001763,MAC,ATH,07CE,1,AB07CE0110,"GREGOIRE LAKE, PROFILE",56.455780,-111.154460,0,1,122,N,,08/21/1990 16:30:00,,,,,,,,,,,,,,,,,,9.9,,,,,,,
ABS002,90AB001764,MAC,ATH,07CE,1,AB07CE0110,"GREGOIRE LAKE, PROFILE",56.455780,-111.154460,0,1,122,N,,08/21/1990 16:31:00,,,,,,,,,,,,,,,,,,9.9,,,,,,,
ABS002,90AB001765,MAC,ATH,07CE,1,AB07CE0110,"GREGOIRE LAKE, PROFILE",56.455780,-111.154460,0,1,122,N,,08/21/1990 16:32:00,,,,,,,,,,,,,,,,,,9.9,,,,,,,
ABS002,90AB001766,MAC,ATH,07CE,1,AB07CE0110,"GREGOIRE LAKE, PROFILE",56.455780,-111.154460,0,1,122,N,,08/21/1990 16:33:00,,,,,,,,,,,,,,,,,,9.2,,,,,,,
ABS002,90AB001767,MAC,ATH,07CE,1,AB07CE0110,"GREGOIRE LAKE, PROFILE",56.455780,-111.154460,0,1,122,N,,08/21/1990 16:34:00,,,,,,,,,,,,,,,,,,8,,,,,,,
ABS002,91AB002492,MAC,ATH,07CE,1,AB07CE0110,"GREGOIRE LAKE, PROFILE",56.455780,-111.154460,0,1,,N,,01/23/1991 15:01:00,,28,,,,,,,,,0.007,,,0.027,,,,12.34,,8.23,0.0127,,,,
ABS002,91AB002493,MAC,ATH,07CE,1,AB07CE0110,"GREGOIRE LAKE, PROFILE",56.455780,-111.154460,0,1,122,N,,01/23/1991 15:02:00,,,,,,,,,,,,,,,,,,11.6,,,,,,,
ABS002,91AB002494,MAC,ATH,07CE,1,AB07CE0110,"GREGOIRE LAKE, PROFILE",56.455780,-111.154460,0,1,,N,,01/23/1991 15:03:00,,19,,,,,,,,,0.001,,,0.078,,,,11.29,,7.04,0.0128,,,,
ABS002,91AB002495,MAC,ATH,07CE,1,AB07CE0110,"GREGOIRE LAKE, PROFILE",56.455780,-111.154460,0,1,122,N,,01/23/1991 15:04:00,,,,,,,,,,,,,,,,,,8.69,,,,,,,
ABS002,91AB002496,MAC,ATH,07CE,1,AB07CE0110,"GREGOIRE LAKE, PROFILE",56.455780,-111.154460,0,1,,N,,01/23/1991 15:05:00,,20,,,,,,,,,0.001,,,0.193,,,,6.66,,7.03,0.0162,,,,
ABS002,91AB002497,MAC,ATH,07CE,1,AB07CE0110,"GREGOIRE LAKE, PROFILE",56.455780,-111.154460,0,1,122,N,,08/15/1991 16:30:00,,,,,,,,,,,,,,,,,,9.6,,,,,,,
ABS002,91AB002498,MAC,ATH,07CE,1,AB07CE0110,"GREGOIRE LAKE, PROFILE",56.455780,-111.154460,0,1,122,N,,08/15/1991 16:31:00,,,,,,,,,,,,,,,,,,9.4,,,,,,,
ABS002,91AB002499,MAC,ATH,07CE,1,AB07CE0110,"GREGOIRE LAKE, PROFILE",56.455780,-111.154460,0,1,122,N,,08/15/1991 16:32:00,,,,,,,,,,,,,,,,,,9.3,,,,,,,
ABS002,91AB002500,MAC,ATH,07CE,1,AB07CE0110,"GREGOIRE LAKE, PROFILE",56.455780,-111.154460,0,1,122,N,,08/15/1991 16:33:00,,,,,,,,,,,,,,,,,,9.3,,,,,,,
ABS002,91AB002501,MAC,ATH,07CE,1,AB07CE0110,"GREGOIRE LAKE, PROFILE",56.455780,-111.154460,0,1,122,N,,08/15/1991 16:34:00,,,,,,,,,,,,,,,,,,9,,,,,,,
ABS002,91AB002502,MAC,ATH,07CE,1,AB07CE0110,"GREGOIRE LAKE, PROFILE",56.455780,-111.154460,0,1,122,N,,08/15/1991 16:35:00,,,,,,,,,,,,,,,,,,2.9,,,,,,,
ABS002,91AB002503,MAC,ATH,07CE,1,AB07CE0110,"GREGOIRE LAKE, PROFILE",56.455780,-111.154460,0,1,122,N,,08/15/1991 16:36:00,,,,,,,,,,,,,,,,,,0.4,,,,,,,
ABS002,92AB002672,MAC,ATH,07CE,1,AB07CE0110,"GREGOIRE LAKE, PROFILE",56.455780,-111.154460,0,1,122,N,,08/12/1992 16:40:00,,,,,,,,,,,,,,,,,,8.74,,,,,,,
ABS002,92AB002673,MAC,ATH,07CE,1,AB07CE0110,"GREGOIRE LAKE, PROFILE",56.455780,-111.154460,0,1,122,N,,08/12/1992 16:41:00,,,,,,,,,,,,,,,,,,8.73,,,,,,,
ABS002,92AB002674,MAC,ATH,07CE,1,AB07CE0110,"GREGOIRE LAKE, PROFILE",56.455780,-111.154460,0,1,122,N,,08/12/1992 16:42:00,,,,,,,,,,,,,,,,,,8.95,,,,,,,
ABS002,92AB002675,MAC,ATH,07CE,1,AB07CE0110,"GREGOIRE LAKE, PROFILE",56.455780,-111.154460,0,1,122,N,,08/12/1992 16:43:00,,,,,,,,,,,,,,,,,,8.69,,,,,,,
ABS002,92AB002676,MAC,ATH,07CE,1,AB07CE0110,"GREGOIRE LAKE, PROFILE",56.455780,-111.154460,0,1,122,N,,08/12/1992 16:44:00,,,,,,,,,,,,,,,,,,8.14,,,,,,,
ABS002,92AB002677,MAC,ATH,07CE,1,AB07CE0110,"GREGOIRE LAKE, PROFILE",56.455780,-111.154460,0,1,122,N,,08/12/1992 16:45:00,,,,,,,,,,,,,,,,,,7.69,,,,,,,
ABS002,93AB002994,MAC,ATH,07CE,1,AB07CE0110,"GREGOIRE LAKE, PROFILE",56.455780,-111.154460,0,1,122,N,VMV code 100924 Specific Conductance (Field) was changed due to a suspected transcription error.  The value was divided by ten.  The decision to do this was based on historical data from 1973 to 2008 in which the conductivity was consistently ten times lower than the data in this profile.  28-Jun-12 Lisa Reinbolt,07/14/1993 11:00:00,,,,,,,,,,,,,,,,,,9.82,,,,,,,
ABS002,93AB002995,MAC,ATH,07CE,1,AB07CE0110,"GREGOIRE LAKE, PROFILE",56.455780,-111.154460,0,1,122,N,VMV code 100924 Specific Conductance (Field) was changed due to a suspected transcription error.  The value was divided by ten.  The decision to do this was based on historical data from 1973 to 2008 in which the conductivity was consistently ten times lower than the data in this profile.  28-Jun-12 Lisa Reinbolt,07/14/1993 11:01:00,,,,,,,,,,,,,,,,,,9.66,,,,,,,
ABS002,93AB002996,MAC,ATH,07CE,1,AB07CE0110,"GREGOIRE LAKE, PROFILE",56.455780,-111.154460,0,1,122,N,VMV code 100924 Specific Conductance (Field) was changed due to a suspected transcription error.  The value was divided by ten.  The decision to do this was based on historical data from 1973 to 2008 in which the conductivity was consistently ten times lower than the data in this profile.  28-Jun-12 Lisa Reinbolt,07/14/1993 11:02:00,,,,,,,,,,,,,,,,,,9.65,,,,,,,
ABS002,93AB002997,MAC,ATH,07CE,1,AB07CE0110,"GREGOIRE LAKE, PROFILE",56.455780,-111.154460,0,1,122,N,VMV code 100924 Specific Conductance (Field) was changed due to a suspected transcription error.  The value was divided by ten.  The decision to do this was based on historical data from 1973 to 2008 in which the conductivity was consistently ten times lower than the data in this profile.  28-Jun-12 Lisa Reinbolt,07/14/1993 11:03:00,,,,,,,,,,,,,,,,,,9.61,,,,,,,
ABS002,93AB002998,MAC,ATH,07CE,1,AB07CE0110,"GREGOIRE LAKE, PROFILE",56.455780,-111.154460,0,1,122,N,VMV code 100924 Specific Conductance (Field) was changed due to a suspected transcription error.  The value was divided by ten.  The decision to do this was based on historical data from 1973 to 2008 in which the conductivity was consistently ten times lower than the data in this profile.  28-Jun-12 Lisa Reinbolt,07/14/1993 11:04:00,,,,,,,,,,,,,,,,,,9.5,,,,,,,
ABS002,93AB002999,MAC,ATH,07CE,1,AB07CE0110,"GREGOIRE LAKE, PROFILE",56.455780,-111.154460,0,1,122,N,VMV code 100924 Specific Conductance (Field) was changed due to a suspected transcription error.  The value was divided by ten.  The decision to do this was based on historical data from 1973 to 2008 in which the conductivity was consistently ten times lower than the data in this profile.  28-Jun-12 Lisa Reinbolt,07/14/1993 11:05:00,,,,,,,,,,,,,,,,,,9.06,,,,,,,
ABS002,93AB003000,MAC,ATH,07CE,1,AB07CE0110,"GREGOIRE LAKE, PROFILE",56.455780,-111.154460,0,1,122,N,VMV code 100924 Specific Conductance (Field) was changed due to a suspected transcription error.  The value was divided by ten.  The decision to do this was based on historical data from 1973 to 2008 in which the conductivity was consistently ten times lower than the data in this profile.  28-Jun-12 Lisa Reinbolt,07/14/1993 11:06:00,,,,,,,,,,,,,,,,,,8.96,,,,,,,
ABS002,93AB003001,MAC,ATH,07CE,1,AB07CE0110,"GREGOIRE LAKE, PROFILE",56.455780,-111.154460,0,1,122,N,VMV code 100924 Specific Conductance (Field) was changed due to a suspected transcription error.  The value was divided by ten.  The decision to do this was based on historical data from 1973 to 2008 in which the conductivity was consistently ten times lower than the data in this profile.  28-Jun-12 Lisa Reinbolt,07/14/1993 11:07:00,,,,,,,,,,,,,,,,,,8.06,,,,,,,
ABS002,94AB001062,MAC,ATH,07CE,1,AB07CE0110,"GREGOIRE LAKE, PROFILE",56.455780,-111.154460,0,1,,N,,03/11/1994 09:45:00,,21,,,,,,,,,,0.001,,0.056,,,,12.1,,7.56,0.0165,0.0134,,,
ABS002,94AB001063,MAC,ATH,07CE,1,AB07CE0110,"GREGOIRE LAKE, PROFILE",56.455780,-111.154460,0,1,122,N,,03/11/1994 09:46:00,,,,,,,,,,,,,,,,,,10.85,,,,,,,
ABS002,94AB001064,MAC,ATH,07CE,1,AB07CE0110,"GREGOIRE LAKE, PROFILE",56.455780,-111.154460,0,1,,N,,03/11/1994 09:47:00,,20,,,,,,,,,,0.001,,0.071,,,,10.32,,7.44,0.015,0.0131,,,
ABS002,94AB001065,MAC,ATH,07CE,1,AB07CE0110,"GREGOIRE LAKE, PROFILE",56.455780,-111.154460,0,1,122,N,,03/11/1994 09:48:00,,,,,,,,,,,,,,,,,,8.77,,,,,,,
ABS002,94AB001066,MAC,ATH,07CE,1,AB07CE0110,"GREGOIRE LAKE, PROFILE",56.455780,-111.154460,0,1,,N,,03/11/1994 09:49:00,,21,,,,,,,,,,0.002,,0.191,,,,4.63,,7.18,0.0176,0.0149,,,
ABS002,94AB001067,MAC,ATH,07CE,1,AB07CE0110,"GREGOIRE LAKE, PROFILE",56.455780,-111.154460,0,1,122,N,,03/11/1994 09:50:00,,,,,,,,,,,,,,,,,,1.8,,,,,,,
ABS019,96SWE02508,MAC,ATH,07CE,1,AB07CE0110,"GREGOIRE LAKE, PROFILE",56.455780,-111.154460,0,1,122,N,,08/01/1996 10:45:00,,,,,,,,,,,,,,,,7.89,,,,,,,,,
ABS019,96SWE02510,MAC,ATH,07CE,1,AB07CE0110,"GREGOIRE LAKE, PROFILE",56.455780,-111.154460,0,1,122,N,,08/01/1996 10:47:00,,,,,,,,,,,,,,,,7.86,,,,,,,,,
ABS019,96SWE02512,MAC,ATH,07CE,1,AB07CE0110,"GREGOIRE LAKE, PROFILE",56.455780,-111.154460,0,1,122,N,,08/01/1996 10:49:00,,,,,,,,,,,,,,,,7.84,,,,,,,,,
ABS019,96SWE02514,MAC,ATH,07CE,1,AB07CE0110,"GREGOIRE LAKE, PROFILE",56.455780,-111.154460,0,1,122,N,,08/01/1996 10:51:00,,,,,,,,,,,,,,,,7.85,,,,,,,,,
ABS019,96SWE02516,MAC,ATH,07CE,1,AB07CE0110,"GREGOIRE LAKE, PROFILE",56.455780,-111.154460,0,1,122,N,,08/01/1996 10:53:00,,,,,,,,,,,,,,,,7.79,,,,,,,,,
ABS019,96SWE02517,MAC,ATH,07CE,1,AB07CE0110,"GREGOIRE LAKE, PROFILE",56.455780,-111.154460,0,1,122,N,,08/01/1996 10:54:00,,,,,,,,,,,,,,,,7.76,,,,,,,,,
ABS019,97SWE00263,MAC,ATH,07CE,1,AB07CE0110,"GREGOIRE LAKE, PROFILE",56.455780,-111.154460,0,1,,N,Lake Profile data from :lk064.xls.  VMV code 100924 Specific Conductance (Field) was changed due to a suspected transcription error.  The value was divided by ten.  The decision to do this was based on historical data from 1973 to 2008 in which the conductivity was consistently ten times lower than the data in this profile.  Three lab conductivities on some of these samples also confirm that a transcription error most likely occurred.  28-Jun-12 Lisa Reinbolt,02/27/1997 13:00:00,,,," 18",,,,,,,,," 0.059",,,11.8,,,," 7.05",0.022,,,,
ABS019,97SWE00264,MAC,ATH,07CE,1,AB07CE0110,"GREGOIRE LAKE, PROFILE",56.455780,-111.154460,0,1,122,N,VMV code 100924 Specific Conductance (Field) was changed due to a suspected transcription error.  The value was divided by ten.  The decision to do this was based on historical data from 1973 to 2008 in which the conductivity was consistently ten times lower than the data in this profile.  Three lab conductivities on some of these samples also confirm that a transcription error most likely occurred.  28-Jun-12 Lisa Reinbolt,02/27/1997 13:03:00,,,,,,,,,,,,,,,,11.96,,,,,,,,,
ABS019,97SWE00265,MAC,ATH,07CE,1,AB07CE0110,"GREGOIRE LAKE, PROFILE",56.455780,-111.154460,0,1,,N,VMV code 100924 Specific Conductance (Field) was changed due to a suspected transcription error.  The value was divided by ten.  The decision to do this was based on historical data from 1973 to 2008 in which the conductivity was consistently ten times lower than the data in this profile.  Three lab conductivities on some of these samples also confirm that a transcription error most likely occurred.  28-Jun-12 Lisa Reinbolt,02/27/1997 13:05:00,,,," 17.2",,,,,,,,," 0.023",,,11.1,,,," 6.98",0.0177,,,,
ABS019,97SWE00266,MAC,ATH,07CE,1,AB07CE0110,"GREGOIRE LAKE, PROFILE",56.455780,-111.154460,0,1,122,N,VMV code 100924 Specific Conductance (Field) was changed due to a suspected transcription error.  The value was divided by ten.  The decision to do this was based on historical data from 1973 to 2008 in which the conductivity was consistently ten times lower than the data in this profile.  Three lab conductivities on some of these samples also confirm that a transcription error most likely occurred.  28-Jun-12 Lisa Reinbolt,02/27/1997 13:07:00,,,,,,,,,,,,,,,,8.53,,,,,,,,,
ABS019,97SWE00267,MAC,ATH,07CE,1,AB07CE0110,"GREGOIRE LAKE, PROFILE",56.455780,-111.154460,0,1,,N," VMV code 100924 Specific Conductance (Field) was changed due to a suspected transcription error.  The value was divided by ten.  The decision to do this was based on historical data from 1973 to 2008 in which the conductivity was consistently ten times lower than the data in this profile.  Three lab conductivities on some of these samples also confirm that a transcription error most likely occurred.  28-Jun-12 Lisa Reinbolt",02/27/1997 13:10:00,,,,,,,,,,,,," 0.122",,,5.47,,,,,0.0209,,,,
ABS019,97SWE00268,MAC,ATH,07CE,1,AB07CE0110,"GREGOIRE LAKE, PROFILE",56.455780,-111.154460,0,1,122,N,VMV code 100924 Specific Conductance (Field) was changed due to a suspected transcription error.  The value was divided by ten.  The decision to do this was based on historical data from 1973 to 2008 in which the conductivity was consistently ten times lower than the data in this profile.  Three lab conductivities on some of these samples also confirm that a transcription error most likely occurred.  28-Jun-12 Lisa Reinbolt,02/27/1997 13:13:00,,,,,,,,,,,,,,,,2.87,,,,,,,,,
ABS019,97SWE00269,MAC,ATH,07CE,1,AB07CE0110,"GREGOIRE LAKE, PROFILE",56.455780,-111.154460,0,1,,N,VMV code 100924 Specific Conductance (Field) was changed due to a suspected transcription error.  The value was divided by ten.  The decision to do this was based on historical data from 1973 to 2008 in which the conductivity was consistently ten times lower than the data in this profile.  Three lab conductivities on some of these samples also confirm that a transcription error most likely occurred.  28-Jun-12 Lisa Reinbolt,02/27/1997 13:15:00,,,," 18.2",,,,,,,,," 0.215",,,0.77,,,," 6.77",0.0276,,,,
ABS019,97SWE02811,MAC,ATH,07CE,1,AB07CE0110,"GREGOIRE LAKE, PROFILE",56.455780,-111.154460,0,1,122,N,VMV code 100924 Specific Conductance (Field) was changed due to a suspected transcription error.  The value was divided by ten.  The decision to do this was based on historical data from 1973 to 2008 in which the conductivity was consistently ten times lower than the data in this profile.  28-Jun-12 Lisa Reinbolt,08/20/1997 09:55:17,,,,,,,,,,,,,,,,8.73,,,,,,,,,
ABS019,97SWE02813,MAC,ATH,07CE,1,AB07CE0110,"GREGOIRE LAKE, PROFILE",56.455780,-111.154460,0,1,122,N,VMV code 100924 Specific Conductance (Field) was changed due to a suspected transcription error.  The value was divided by ten.  The decision to do this was based on historical data from 1973 to 2008 in which the conductivity was consistently ten times lower than the data in this profile.  28-Jun-12 Lisa Reinbolt,08/20/1997 09:56:32,,,,,,,,,,,,,,,,8.69,,,,,,,,,
ABS019,97SWE02815,MAC,ATH,07CE,1,AB07CE0110,"GREGOIRE LAKE, PROFILE",56.455780,-111.154460,0,1,122,N,VMV code 100924 Specific Conductance (Field) was changed due to a suspected transcription error.  The value was divided by ten.  The decision to do this was based on historical data from 1973 to 2008 in which the conductivity was consistently ten times lower than the data in this profile.  28-Jun-12 Lisa Reinbolt,08/20/1997 09:57:33,,,,,,,,,,,,,,,,8.58,,,,,,,,,
ABS019,97SWE02817,MAC,ATH,07CE,1,AB07CE0110,"GREGOIRE LAKE, PROFILE",56.455780,-111.154460,0,1,122,N,VMV code 100924 Specific Conductance (Field) was changed due to a suspected transcription error.  The value was divided by ten.  The decision to do this was based on historical data from 1973 to 2008 in which the conductivity was consistently ten times lower than the data in this profile.  28-Jun-12 Lisa Reinbolt,08/20/1997 10:00:00,,,,,,,,,,,,,,,,8.5,,,,,,,,,
ABS019,97SWE02819,MAC,ATH,07CE,1,AB07CE0110,"GREGOIRE LAKE, PROFILE",56.455780,-111.154460,0,1,122,N,VMV code 100924 Specific Conductance (Field) was changed due to a suspected transcription error.  The value was divided by ten.  The decision to do this was based on historical data from 1973 to 2008 in which the conductivity was consistently ten times lower than the data in this profile.  28-Jun-12 Lisa Reinbolt,08/20/1997 10:03:56,,,,,,,,,,,,,,,,8.44,,,,,,,,,
ABS019,97SWE02820,MAC,ATH,07CE,1,AB07CE0110,"GREGOIRE LAKE, PROFILE",56.455780,-111.154460,0,1,122,N,VMV code 100924 Specific Conductance (Field) was changed due to a suspected transcription error.  The value was divided by ten.  The decision to do this was based on historical data from 1973 to 2008 in which the conductivity was consistently ten times lower than the data in this profile.  28-Jun-12 Lisa Reinbolt,08/20/1997 10:05:33,,,,,,,,,,,,,,,,8.51,,,,,,,,,
ABS019,97SWE02821,MAC,ATH,07CE,1,AB07CE0110,"GREGOIRE LAKE, PROFILE",56.455780,-111.154460,0,1,122,N,VMV code 100924 Specific Conductance (Field) was changed due to a suspected transcription error.  The value was divided by ten.  The decision to do this was based on historical data from 1973 to 2008 in which the conductivity was consistently ten times lower than the data in this profile.  28-Jun-12 Lisa Reinbolt,08/20/1997 10:06:38,,,,,,,,,,,,,,,,8.12,,,,,,,,,
ABS019,97SWE02822,MAC,ATH,07CE,1,AB07CE0110,"GREGOIRE LAKE, PROFILE",56.455780,-111.154460,0,1,122,N,VMV code 100924 Specific Conductance (Field) was changed due to a suspected transcription error.  The value was divided by ten.  The decision to do this was based on historical data from 1973 to 2008 in which the conductivity was consistently ten times lower than the data in this profile.  28-Jun-12 Lisa Reinbolt,08/20/1997 10:09:36,,,,,,,,,,,,,,,,5.78,,,,,,,,,
ABS019,00SWE03778,MAC,ATH,07CE,1,AB07CE0110,"GREGOIRE LAKE, PROFILE",56.455780,-111.154460,0,1,122,N,,08/23/2000 13:33:00,,,,,,,,,,,,,,,,9.68,,,,,,,,,
ABS019,00SWE03780,MAC,ATH,07CE,1,AB07CE0110,"GREGOIRE LAKE, PROFILE",56.455780,-111.154460,0,1,122,N,,08/23/2000 13:35:00,,,,,,,,,,,,,,,,9.68,,,,,,,,,
ABS019,00SWE03782,MAC,ATH,07CE,1,AB07CE0110,"GREGOIRE LAKE, PROFILE",56.455780,-111.154460,0,1,122,N,,08/23/2000 13:37:00,,,,,,,,,,,,,,,,9.57,,,,,,,,,
ABS019,00SWE03784,MAC,ATH,07CE,1,AB07CE0110,"GREGOIRE LAKE, PROFILE",56.455780,-111.154460,0,1,122,N,,08/23/2000 13:39:00,,,,,,,,,,,,,,,,9.47,,,,,,,,,
ABS019,00SWE03785,MAC,ATH,07CE,1,AB07CE0110,"GREGOIRE LAKE, PROFILE",56.455780,-111.154460,0,1,122,N,,08/23/2000 13:40:00,,,,,,,,,,,,,,,,9.37,,,,,,,,,
ABS019,00SWE03786,MAC,ATH,07CE,1,AB07CE0110,"GREGOIRE LAKE, PROFILE",56.455780,-111.154460,0,1,122,N,,08/23/2000 13:41:00,,,,,,,,,,,,,,,,9.18,,,,,,,,,
ABS019,04SWE01066,MAC,ATH,07CE,1,AB07CE0110,"GREGOIRE LAKE, PROFILE",56.455780,-111.154460,0,1,122,N,Lake Profile data from :Parks Field Data 2004.csv,06/22/2004 08:25:00,,,,,,,,,,,,,,,,9.42,,,,,,,,,
ABS019,04SWE01067,MAC,ATH,07CE,1,AB07CE0110,"GREGOIRE LAKE, PROFILE",56.455780,-111.154460,0,1,122,N,,06/22/2004 08:26:00,,,,,,,,,,,,,,,,9.41,,,,,,,,,
ABS019,04SWE01068,MAC,ATH,07CE,1,AB07CE0110,"GREGOIRE LAKE, PROFILE",56.455780,-111.154460,0,1,122,N,,06/22/2004 08:27:00,,,,,,,,,,,,,,,,9.39,,,,,,,,,
ABS019,04SWE01069,MAC,ATH,07CE,1,AB07CE0110,"GREGOIRE LAKE, PROFILE",56.455780,-111.154460,0,1,122,N,,06/22/2004 08:28:00,,,,,,,,,,,,,,,,9.4,,,,,,,,,
ABS019,04SWE01070,MAC,ATH,07CE,1,AB07CE0110,"GREGOIRE LAKE, PROFILE",56.455780,-111.154460,0,1,122,N,,06/22/2004 08:29:00,,,,,,,,,,,,,,,,9.39,,,,,,,,,
ABS019,04SWE01071,MAC,ATH,07CE,1,AB07CE0110,"GREGOIRE LAKE, PROFILE",56.455780,-111.154460,0,1,122,N,,06/22/2004 08:30:00,,,,,,,,,,,,,,,,9.37,,,,,,,,,
ABS019,04SWE01072,MAC,ATH,07CE,1,AB07CE0110,"GREGOIRE LAKE, PROFILE",56.455780,-111.154460,0,1,122,N,,06/22/2004 08:31:00,,,,,,,,,,,,,,,,9.22,,,,,,,,,
ABS019,04SWE02020,MAC,ATH,07CE,1,AB07CE0110,"GREGOIRE LAKE, PROFILE",56.455780,-111.154460,0,1,122,N,Lake Profile data from :Parks Field Data 2004.csv,08/18/2004 09:02:00,,,,,,,,,,,,,,,,7.62,,,,,,,,,
ABS019,04SWE02021,MAC,ATH,07CE,1,AB07CE0110,"GREGOIRE LAKE, PROFILE",56.455780,-111.154460,0,1,122,N,,08/18/2004 09:04:00,,,,,,,,,,,,,,,,7.58,,,,,,,,,
ABS019,04SWE02022,MAC,ATH,07CE,1,AB07CE0110,"GREGOIRE LAKE, PROFILE",56.455780,-111.154460,0,1,122,N,,08/18/2004 09:06:00,,,,,,,,,,,,,,,,7.56,,,,,,,,,
ABS019,04SWE02023,MAC,ATH,07CE,1,AB07CE0110,"GREGOIRE LAKE, PROFILE",56.455780,-111.154460,0,1,122,N,,08/18/2004 09:08:00,,,,,,,,,,,,,,,,7.49,,,,,,,,,
ABS019,04SWE02024,MAC,ATH,07CE,1,AB07CE0110,"GREGOIRE LAKE, PROFILE",56.455780,-111.154460,0,1,122,N,,08/18/2004 09:10:00,,,,,,,,,,,,,,,,7.51,,,,,,,,,
ABS019,04SWE02025,MAC,ATH,07CE,1,AB07CE0110,"GREGOIRE LAKE, PROFILE",56.455780,-111.154460,0,1,122,N,,08/18/2004 09:12:00,,,,,,,,,,,,,,,,7.53,,,,,,,,,
ABS019,04SWE02026,MAC,ATH,07CE,1,AB07CE0110,"GREGOIRE LAKE, PROFILE",56.455780,-111.154460,0,1,122,N,,08/18/2004 09:14:00,,,,,,,,,,,,,,,,7.49,,,,,,,,,
ABS019,04SWE02027,MAC,ATH,07CE,1,AB07CE0110,"GREGOIRE LAKE, PROFILE",56.455780,-111.154460,0,1,122,N,,08/18/2004 09:16:00,,,,,,,,,,,,,,,,7.42,,,,,,,,,
ABS019,06SWE10219,MAC,ATH,07CE,1,AB07CE0110,"GREGOIRE LAKE, PROFILE",56.455780,-111.154460,0,1,122,N,,06/30/2006 06:22:56,,,,,,,,,,,,,,,,8.8,,,,,,,,,
ABS019,06SWE10220,MAC,ATH,07CE,1,AB07CE0110,"GREGOIRE LAKE, PROFILE",56.455780,-111.154460,0,1,122,N,,06/30/2006 06:23:42,,,,,,,,,,,,,,,,8.77,,,,,,,,,
ABS019,06SWE10221,MAC,ATH,07CE,1,AB07CE0110,"GREGOIRE LAKE, PROFILE",56.455780,-111.154460,0,1,122,N,,06/30/2006 06:24:46,,,,,,,,,,,,,,,,8.71,,,,,,,,,
ABS019,06SWE10222,MAC,ATH,07CE,1,AB07CE0110,"GREGOIRE LAKE, PROFILE",56.455780,-111.154460,0,1,122,N,,06/30/2006 06:25:37,,,,,,,,,,,,,,,,8.69,,,,,,,,,
ABS019,06SWE10223,MAC,ATH,07CE,1,AB07CE0110,"GREGOIRE LAKE, PROFILE",56.455780,-111.154460,0,1,122,N,,06/30/2006 06:26:22,,,,,,,,,,,,,,,,8.7,,,,,,,,,
ABS019,06SWE10224,MAC,ATH,07CE,1,AB07CE0110,"GREGOIRE LAKE, PROFILE",56.455780,-111.154460,0,1,122,N,,06/30/2006 06:27:13,,,,,,,,,,,,,,,,8.67,,,,,,,,,
ABS019,06SWE10225,MAC,ATH,07CE,1,AB07CE0110,"GREGOIRE LAKE, PROFILE",56.455780,-111.154460,0,1,122,N,,06/30/2006 06:29:00,,,,,,,,,,,,,,,,8.57,,,,,,,,,
ABS019,06SWE08390,MAC,ATH,07CE,1,AB07CE0110,"GREGOIRE LAKE, PROFILE",56.455780,-111.154460,0,1,122,N,,07/25/2006 07:22:29,,,,,,,,,,,,,,,,7.65,,,,,,,,,
ABS019,06SWE08391,MAC,ATH,07CE,1,AB07CE0110,"GREGOIRE LAKE, PROFILE",56.455780,-111.154460,0,1,122,N,,07/25/2006 07:23:28,,,,,,,,,,,,,,,,7.63,,,,,,,,,
ABS019,06SWE08392,MAC,ATH,07CE,1,AB07CE0110,"GREGOIRE LAKE, PROFILE",56.455780,-111.154460,0,1,122,N,,07/25/2006 07:24:26,,,,,,,,,,,,,,,,7.59,,,,,,,,,
ABS019,06SWE08393,MAC,ATH,07CE,1,AB07CE0110,"GREGOIRE LAKE, PROFILE",56.455780,-111.154460,0,1,122,N,,07/25/2006 07:25:15,,,,,,,,,,,,,,,,7.4,,,,,,,,,
ABS019,06SWE08394,MAC,ATH,07CE,1,AB07CE0110,"GREGOIRE LAKE, PROFILE",56.455780,-111.154460,0,1,122,N,,07/25/2006 07:26:05,,,,,,,,,,,,,,,,7.03,,,,,,,,,
ABS019,06SWE08395,MAC,ATH,07CE,1,AB07CE0110,"GREGOIRE LAKE, PROFILE",56.455780,-111.154460,0,1,122,N,,07/25/2006 07:26:51,,,,,,,,,,,,,,,,6.28,,,,,,,,,
ABS019,06SWE08396,MAC,ATH,07CE,1,AB07CE0110,"GREGOIRE LAKE, PROFILE",56.455780,-111.154460,0,1,122,N,,07/25/2006 07:27:49,,,,,,,,,,,,,,,,5.04,,,,,,,,,
ABS019,06SWE08397,MAC,ATH,07CE,1,AB07CE0110,"GREGOIRE LAKE, PROFILE",56.455780,-111.154460,0,1,122,N,,07/25/2006 07:28:37,,,,,,,,,,,,,,,,3.93,,,,,,,,,
ABS019,06SWE08640,MAC,ATH,07CE,1,AB07CE0110,"GREGOIRE LAKE, PROFILE",56.455780,-111.154460,0,1,122,N,,08/11/2006 12:17:06,,,,,,,,,,,,,,,,8.32,,,,,,,,,
ABS019,06SWE08641,MAC,ATH,07CE,1,AB07CE0110,"GREGOIRE LAKE, PROFILE",56.455780,-111.154460,0,1,122,N,,08/11/2006 12:17:37,,,,,,,,,,,,,,,,8.29,,,,,,,,,
ABS019,06SWE08642,MAC,ATH,07CE,1,AB07CE0110,"GREGOIRE LAKE, PROFILE",56.455780,-111.154460,0,1,122,N,,08/11/2006 12:18:10,,,,,,,,,,,,,,,,8.28,,,,,,,,,
ABS019,06SWE08643,MAC,ATH,07CE,1,AB07CE0110,"GREGOIRE LAKE, PROFILE",56.455780,-111.154460,0,1,122,N,,08/11/2006 12:18:46,,,,,,,,,,,,,,,,8.25,,,,,,,,,
ABS019,06SWE08644,MAC,ATH,07CE,1,AB07CE0110,"GREGOIRE LAKE, PROFILE",56.455780,-111.154460,0,1,122,N,,08/11/2006 12:19:30,,,,,,,,,,,,,,,,8.24,,,,,,,,,
ABS019,06SWE08645,MAC,ATH,07CE,1,AB07CE0110,"GREGOIRE LAKE, PROFILE",56.455780,-111.154460,0,1,122,N,,08/11/2006 12:20:03,,,,,,,,,,,,,,,,8.21,,,,,,,,,
ABS019,06SWE08646,MAC,ATH,07CE,1,AB07CE0110,"GREGOIRE LAKE, PROFILE",56.455780,-111.154460,0,1,122,N,,08/11/2006 12:20:37,,,,,,,,,,,,,,,,8.1,,,,,,,,,
ABS019,06SWE08647,MAC,ATH,07CE,1,AB07CE0110,"GREGOIRE LAKE, PROFILE",56.455780,-111.154460,0,1,122,N,,08/11/2006 12:21:22,,,,,,,,,,,,,,,,6.48,,,,,,,,,
ABS019,06SWE08797,MAC,ATH,07CE,1,AB07CE0110,"GREGOIRE LAKE, PROFILE",56.455780,-111.154460,0,1,122,N,,08/29/2006 09:46:21,,,,,,,,,,,,,,,,8.9,,,,,,,,,
ABS019,06SWE08798,MAC,ATH,07CE,1,AB07CE0110,"GREGOIRE LAKE, PROFILE",56.455780,-111.154460,0,1,122,N,,08/29/2006 09:46:59,,,,,,,,,,,,,,,,8.86,,,,,,,,,
ABS019,06SWE08799,MAC,ATH,07CE,1,AB07CE0110,"GREGOIRE LAKE, PROFILE",56.455780,-111.154460,0,1,122,N,,08/29/2006 09:47:41,,,,,,,,,,,,,,,,8.79,,,,,,,,,
ABS019,06SWE08800,MAC,ATH,07CE,1,AB07CE0110,"GREGOIRE LAKE, PROFILE",56.455780,-111.154460,0,1,122,N,,08/29/2006 09:48:24,,,,,,,,,,,,,,,,8.77,,,,,,,,,
ABS019,06SWE08801,MAC,ATH,07CE,1,AB07CE0110,"GREGOIRE LAKE, PROFILE",56.455780,-111.154460,0,1,122,N,,08/29/2006 09:49:12,,,,,,,,,,,,,,,,8.74,,,,,,,,,
ABS019,06SWE08802,MAC,ATH,07CE,1,AB07CE0110,"GREGOIRE LAKE, PROFILE",56.455780,-111.154460,0,1,122,N,,08/29/2006 09:49:53,,,,,,,,,,,,,,,,8.68,,,,,,,,,
ABS019,06SWE08803,MAC,ATH,07CE,1,AB07CE0110,"GREGOIRE LAKE, PROFILE",56.455780,-111.154460,0,1,122,N,,08/29/2006 09:50:39,,,,,,,,,,,,,,,,8.55,,,,,,,,,
ABS019,06SWE08804,MAC,ATH,07CE,1,AB07CE0110,"GREGOIRE LAKE, PROFILE",56.455780,-111.154460,0,1,122,N,,08/29/2006 09:51:48,,,,,,,,,,,,,,,,8.57,,,,,,,,,
ABS019,06SWE08968,MAC,ATH,07CE,1,AB07CE0110,"GREGOIRE LAKE, PROFILE",56.455780,-111.154460,0,1,122,N,,09/20/2006 07:44:02,,,,,,,,,,,,,,,,9.97,,,,,,,,,
ABS019,06SWE08969,MAC,ATH,07CE,1,AB07CE0110,"GREGOIRE LAKE, PROFILE",56.455780,-111.154460,0,1,122,N,,09/20/2006 07:44:36,,,,,,,,,,,,,,,,9.96,,,,,,,,,
ABS019,06SWE08970,MAC,ATH,07CE,1,AB07CE0110,"GREGOIRE LAKE, PROFILE",56.455780,-111.154460,0,1,122,N,,09/20/2006 07:45:14,,,,,,,,,,,,,,,,9.87,,,,,,,,,
ABS019,06SWE08971,MAC,ATH,07CE,1,AB07CE0110,"GREGOIRE LAKE, PROFILE",56.455780,-111.154460,0,1,122,N,,09/20/2006 07:45:51,,,,,,,,,,,,,,,,9.9,,,,,,,,,
ABS019,06SWE08972,MAC,ATH,07CE,1,AB07CE0110,"GREGOIRE LAKE, PROFILE",56.455780,-111.154460,0,1,122,N,,09/20/2006 07:46:25,,,,,,,,,,,,,,,,9.89,,,,,,,,,
ABS019,06SWE08973,MAC,ATH,07CE,1,AB07CE0110,"GREGOIRE LAKE, PROFILE",56.455780,-111.154460,0,1,122,N,,09/20/2006 07:46:59,,,,,,,,,,,,,,,,9.86,,,,,,,,,
ABS019,06SWE08974,MAC,ATH,07CE,1,AB07CE0110,"GREGOIRE LAKE, PROFILE",56.455780,-111.154460,0,1,122,N,,09/20/2006 07:47:40,,,,,,,,,,,,,,,,9.84,,,,,,,,,
ABS019,06SWE08975,MAC,ATH,07CE,1,AB07CE0110,"GREGOIRE LAKE, PROFILE",56.455780,-111.154460,0,1,122,N,,09/20/2006 07:48:19,,,,,,,,,,,,,,,,9.85,,,,,,,,,
ABS019,08SWE08739,MAC,ATH,07CE,1,AB07CE0110,"GREGOIRE LAKE, PROFILE",56.455780,-111.154460,0,1,122,N,,06/18/2008 08:25:23,,,,,,,,,,,,,,,,8.9,,,,,,,,,
ABS019,08SWE08740,MAC,ATH,07CE,1,AB07CE0110,"GREGOIRE LAKE, PROFILE",56.455780,-111.154460,0,1,122,N,,06/18/2008 08:26:15,,,,,,,,,,,,,,,,8.84,,,,,,,,,
ABS019,08SWE08741,MAC,ATH,07CE,1,AB07CE0110,"GREGOIRE LAKE, PROFILE",56.455780,-111.154460,0,1,122,N,,06/18/2008 08:26:59,,,,,,,,,,,,,,,,8.79,,,,,,,,,
ABS019,08SWE08742,MAC,ATH,07CE,1,AB07CE0110,"GREGOIRE LAKE, PROFILE",56.455780,-111.154460,0,1,122,N,,06/18/2008 08:28:12,,,,,,,,,,,,,,,,8.7,,,,,,,,,
ABS019,08SWE08743,MAC,ATH,07CE,1,AB07CE0110,"GREGOIRE LAKE, PROFILE",56.455780,-111.154460,0,1,122,N,,06/18/2008 08:28:58,,,,,,,,,,,,,,,,8.69,,,,,,,,,
ABS019,08SWE08744,MAC,ATH,07CE,1,AB07CE0110,"GREGOIRE LAKE, PROFILE",56.455780,-111.154460,0,1,122,N,,06/18/2008 08:29:59,,,,,,,,,,,,,,,,8.65,,,,,,,,,
ABS019,08SWE08745,MAC,ATH,07CE,1,AB07CE0110,"GREGOIRE LAKE, PROFILE",56.455780,-111.154460,0,1,122,N,,06/18/2008 08:31:06,,,,,,,,,,,,,,,,8.61,,,,,,,,,
ABS019,08SWE08746,MAC,ATH,07CE,1,AB07CE0110,"GREGOIRE LAKE, PROFILE",56.455780,-111.154460,0,1,122,N,,06/18/2008 08:32:11,,,,,,,,,,,,,,,,8.57,,,,,,,,,
ABS019,08SWE08747,MAC,ATH,07CE,1,AB07CE0110,"GREGOIRE LAKE, PROFILE",56.455780,-111.154460,0,1,122,N,,06/18/2008 08:33:05,,,,,,,,,,,,,,,,8.52,,,,,,,,,
ABS019,08SWE08748,MAC,ATH,07CE,1,AB07CE0110,"GREGOIRE LAKE, PROFILE",56.455780,-111.154460,0,1,122,N,,06/18/2008 08:34:07,,,,,,,,,,,,,,,,8.58,,,,,,,,,
ABS019,08SWE08749,MAC,ATH,07CE,1,AB07CE0110,"GREGOIRE LAKE, PROFILE",56.455780,-111.154460,0,1,122,N,,06/18/2008 08:35:02,,,,,,,,,,,,,,,,8.59,,,,,,,,,
ABS019,08SWE08750,MAC,ATH,07CE,1,AB07CE0110,"GREGOIRE LAKE, PROFILE",56.455780,-111.154460,0,1,122,N,,06/18/2008 08:36:32,,,,,,,,,,,,,,,,8.64,,,,,,,,,
ABS019,08SWE08751,MAC,ATH,07CE,1,AB07CE0110,"GREGOIRE LAKE, PROFILE",56.455780,-111.154460,0,1,122,N,,06/18/2008 08:37:25,,,,,,,,,,,,,,,,8.59,,,,,,,,,
ABS019,08SWE08752,MAC,ATH,07CE,1,AB07CE0110,"GREGOIRE LAKE, PROFILE",56.455780,-111.154460,0,1,122,N,,06/18/2008 08:38:28,,,,,,,,,,,,,,,,8.59,,,,,,,,,
ABS019,08SWE08753,MAC,ATH,07CE,1,AB07CE0110,"GREGOIRE LAKE, PROFILE",56.455780,-111.154460,0,1,122,N,,06/18/2008 08:39:15,,,,,,,,,,,,,,,,8.34,,,,,,,,,
ABS019,08SWE10292,MAC,ATH,07CE,1,AB07CE0110,"GREGOIRE LAKE, PROFILE",56.455780,-111.154460,0,1,122,N,,07/14/2008 09:23:47,,,,,,,,,,,,,,,,10.64,,,,,,,,,
ABS019,08SWE10293,MAC,ATH,07CE,1,AB07CE0110,"GREGOIRE LAKE, PROFILE",56.455780,-111.154460,0,1,122,N,,07/14/2008 09:25:03,,,,,,,,,,,,,,,,10.76,,,,,,,,,
ABS019,08SWE10294,MAC,ATH,07CE,1,AB07CE0110,"GREGOIRE LAKE, PROFILE",56.455780,-111.154460,0,1,122,N,,07/14/2008 09:25:48,,,,,,,,,,,,,,,,10.82,,,,,,,,,
ABS019,08SWE10295,MAC,ATH,07CE,1,AB07CE0110,"GREGOIRE LAKE, PROFILE",56.455780,-111.154460,0,1,122,N,,07/14/2008 09:27:03,,,,,,,,,,,,,,,,10.88,,,,,,,,,
ABS019,08SWE10296,MAC,ATH,07CE,1,AB07CE0110,"GREGOIRE LAKE, PROFILE",56.455780,-111.154460,0,1,122,N,,07/14/2008 09:28:34,,,,,,,,,,,,,,,,10.9,,,,,,,,,
ABS019,08SWE10297,MAC,ATH,07CE,1,AB07CE0110,"GREGOIRE LAKE, PROFILE",56.455780,-111.154460,0,1,122,N,,07/14/2008 09:30:26,,,,,,,,,,,,,,,,10.87,,,,,,,,,
ABS019,08SWE10298,MAC,ATH,07CE,1,AB07CE0110,"GREGOIRE LAKE, PROFILE",56.455780,-111.154460,0,1,122,N,,07/14/2008 09:31:32,,,,,,,,,,,,,,,,10.9,,,,,,,,,
ABS019,08SWE10299,MAC,ATH,07CE,1,AB07CE0110,"GREGOIRE LAKE, PROFILE",56.455780,-111.154460,0,1,122,N,,07/14/2008 09:33:50,,,,,,,,,,,,,,,,10.92,,,,,,,,,
ABS019,08SWE10300,MAC,ATH,07CE,1,AB07CE0110,"GREGOIRE LAKE, PROFILE",56.455780,-111.154460,0,1,122,N,,07/14/2008 09:35:16,,,,,,,,,,,,,,,,10.87,,,,,,,,,
ABS019,08SWE10301,MAC,ATH,07CE,1,AB07CE0110,"GREGOIRE LAKE, PROFILE",56.455780,-111.154460,0,1,122,N,,07/14/2008 09:37:01,,,,,,,,,,,,,,,,10.93,,,,,,,,,
ABS019,08SWE10302,MAC,ATH,07CE,1,AB07CE0110,"GREGOIRE LAKE, PROFILE",56.455780,-111.154460,0,1,122,N,,07/14/2008 09:38:07,,,,,,,,,,,,,,,,10.84,,,,,,,,,
ABS019,08SWE10303,MAC,ATH,07CE,1,AB07CE0110,"GREGOIRE LAKE, PROFILE",56.455780,-111.154460,0,1,122,N,,07/14/2008 09:39:46,,,,,,,,,,,,,,,,10.92,,,,,,,,,
ABS019,08SWE10304,MAC,ATH,07CE,1,AB07CE0110,"GREGOIRE LAKE, PROFILE",56.455780,-111.154460,0,1,122,N,,07/14/2008 09:40:38,,,,,,,,,,,,,,,,10.88,,,,,,,,,
ABS019,08SWE10305,MAC,ATH,07CE,1,AB07CE0110,"GREGOIRE LAKE, PROFILE",56.455780,-111.154460,0,1,122,N,,07/14/2008 09:41:58,,,,,,,,,,,,,,,,10.8,,,,,,,,,
ABS019,08SWE10306,MAC,ATH,07CE,1,AB07CE0110,"GREGOIRE LAKE, PROFILE",56.455780,-111.154460,0,1,122,N,,07/14/2008 09:43:49,,,,,,,,,,,,,,,,10.78,,,,,,,,,
ABS019,08SWE10330,MAC,ATH,07CE,1,AB07CE0110,"GREGOIRE LAKE, PROFILE",56.455780,-111.154460,0,1,122,N,,08/06/2008 07:51:07,,,,,,,,,,,,,,,,10.46,,,,,,,,,
ABS019,08SWE10331,MAC,ATH,07CE,1,AB07CE0110,"GREGOIRE LAKE, PROFILE",56.455780,-111.154460,0,1,122,N,,08/06/2008 07:52:26,,,,,,,,,,,,,,,,10.43,,,,,,,,,
ABS019,08SWE10332,MAC,ATH,07CE,1,AB07CE0110,"GREGOIRE LAKE, PROFILE",56.455780,-111.154460,0,1,122,N,,08/06/2008 07:54:03,,,,,,,,,,,,,,,,10.39,,,,,,,,,
ABS019,08SWE10333,MAC,ATH,07CE,1,AB07CE0110,"GREGOIRE LAKE, PROFILE",56.455780,-111.154460,0,1,122,N,,08/06/2008 07:59:26,,,,,,,,,,,,,,,,10.22,,,,,,,,,
ABS019,08SWE10334,MAC,ATH,07CE,1,AB07CE0110,"GREGOIRE LAKE, PROFILE",56.455780,-111.154460,0,1,122,N,,08/06/2008 08:00:22,,,,,,,,,,,,,,,,10.21,,,,,,,,,
ABS019,08SWE10335,MAC,ATH,07CE,1,AB07CE0110,"GREGOIRE LAKE, PROFILE",56.455780,-111.154460,0,1,122,N,,08/06/2008 08:01:56,,,,,,,,,,,,,,,,10.17,,,,,,,,,
ABS019,08SWE10336,MAC,ATH,07CE,1,AB07CE0110,"GREGOIRE LAKE, PROFILE",56.455780,-111.154460,0,1,122,N,,08/06/2008 08:02:51,,,,,,,,,,,,,,,,10.18,,,,,,,,,
ABS019,08SWE10337,MAC,ATH,07CE,1,AB07CE0110,"GREGOIRE LAKE, PROFILE",56.455780,-111.154460,0,1,122,N,,08/06/2008 08:05:04,,,,,,,,,,,,,,,,10.11,,,,,,,,,
ABS019,08SWE10338,MAC,ATH,07CE,1,AB07CE0110,"GREGOIRE LAKE, PROFILE",56.455780,-111.154460,0,1,122,N,,08/06/2008 08:06:27,,,,,,,,,,,,,,,,9.41,,,,,,,,,
ABS019,08SWE10339,MAC,ATH,07CE,1,AB07CE0110,"GREGOIRE LAKE, PROFILE",56.455780,-111.154460,0,1,122,N,,08/06/2008 08:08:52,,,,,,,,,,,,,,,,9.34,,,,,,,,,
ABS019,08SWE10340,MAC,ATH,07CE,1,AB07CE0110,"GREGOIRE LAKE, PROFILE",56.455780,-111.154460,0,1,122,N,,08/06/2008 08:09:41,,,,,,,,,,,,,,,,9.19,,,,,,,,,
ABS019,08SWE10341,MAC,ATH,07CE,1,AB07CE0110,"GREGOIRE LAKE, PROFILE",56.455780,-111.154460,0,1,122,N,,08/06/2008 08:11:38,,,,,,,,,,,,,,,,8.35,,,,,,,,,
ABS019,08SWE10342,MAC,ATH,07CE,1,AB07CE0110,"GREGOIRE LAKE, PROFILE",56.455780,-111.154460,0,1,122,N,,08/06/2008 08:14:07,,,,,,,,,,,,,,,,7.09,,,,,,,,,
ABS019,08SWE10343,MAC,ATH,07CE,1,AB07CE0110,"GREGOIRE LAKE, PROFILE",56.455780,-111.154460,0,1,122,N,,08/06/2008 08:15:13,,,,,,,,,,,,,,,,7.05,,,,,,,,,
ABS019,08SWE10365,MAC,ATH,07CE,1,AB07CE0110,"GREGOIRE LAKE, PROFILE",56.455780,-111.154460,0,1,122,N,,09/04/2008 09:44:30,,,,,,,,,,,,,,,,9.71,,,,,,,,,
ABS019,08SWE10366,MAC,ATH,07CE,1,AB07CE0110,"GREGOIRE LAKE, PROFILE",56.455780,-111.154460,0,1,122,N,,09/04/2008 09:45:25,,,,,,,,,,,,,,,,9.69,,,,,,,,,
ABS019,08SWE10367,MAC,ATH,07CE,1,AB07CE0110,"GREGOIRE LAKE, PROFILE",56.455780,-111.154460,0,1,122,N,,09/04/2008 09:46:14,,,,,,,,,,,,,,,,9.66,,,,,,,,,
ABS019,08SWE10368,MAC,ATH,07CE,1,AB07CE0110,"GREGOIRE LAKE, PROFILE",56.455780,-111.154460,0,1,122,N,,09/04/2008 09:47:10,,,,,,,,,,,,,,,,9.63,,,,,,,,,
ABS019,08SWE10369,MAC,ATH,07CE,1,AB07CE0110,"GREGOIRE LAKE, PROFILE",56.455780,-111.154460,0,1,122,N,,09/04/2008 09:48:16,,,,,,,,,,,,,,,,9.58,,,,,,,,,
ABS019,08SWE10370,MAC,ATH,07CE,1,AB07CE0110,"GREGOIRE LAKE, PROFILE",56.455780,-111.154460,0,1,122,N,,09/04/2008 09:49:07,,,,,,,,,,,,,,,,9.53,,,,,,,,,
ABS019,08SWE10371,MAC,ATH,07CE,1,AB07CE0110,"GREGOIRE LAKE, PROFILE",56.455780,-111.154460,0,1,122,N,,09/04/2008 09:50:00,,,,,,,,,,,,,,,,9.49,,,,,,,,,
ABS019,08SWE10372,MAC,ATH,07CE,1,AB07CE0110,"GREGOIRE LAKE, PROFILE",56.455780,-111.154460,0,1,122,N,,09/04/2008 09:50:54,,,,,,,,,,,,,,,,9.46,,,,,,,,,
ABS019,08SWE10373,MAC,ATH,07CE,1,AB07CE0110,"GREGOIRE LAKE, PROFILE",56.455780,-111.154460,0,1,122,N,,09/04/2008 09:51:51,,,,,,,,,,,,,,,,9.44,,,,,,,,,
ABS019,08SWE10374,MAC,ATH,07CE,1,AB07CE0110,"GREGOIRE LAKE, PROFILE",56.455780,-111.154460,0,1,122,N,,09/04/2008 09:52:43,,,,,,,,,,,,,,,,9.44,,,,,,,,,
ABS019,08SWE10375,MAC,ATH,07CE,1,AB07CE0110,"GREGOIRE LAKE, PROFILE",56.455780,-111.154460,0,1,122,N,,09/04/2008 09:53:35,,,,,,,,,,,,,,,,9.42,,,,,,,,,
ABS019,08SWE10376,MAC,ATH,07CE,1,AB07CE0110,"GREGOIRE LAKE, PROFILE",56.455780,-111.154460,0,1,122,N,,09/04/2008 09:54:26,,,,,,,,,,,,,,,,9.4,,,,,,,,,
ABS019,08SWE10377,MAC,ATH,07CE,1,AB07CE0110,"GREGOIRE LAKE, PROFILE",56.455780,-111.154460,0,1,122,N,,09/04/2008 09:55:28,,,,,,,,,,,,,,,,9.41,,,,,,,,,
ABS019,08SWE10378,MAC,ATH,07CE,1,AB07CE0110,"GREGOIRE LAKE, PROFILE",56.455780,-111.154460,0,1,122,N,,09/04/2008 09:56:23,,,,,,,,,,,,,,,,9.4,,,,,,,,,
ABS019,08SWE10379,MAC,ATH,07CE,1,AB07CE0110,"GREGOIRE LAKE, PROFILE",56.455780,-111.154460,0,1,122,N,,09/04/2008 09:57:12,,,,,,,,,,,,,,,,9.37,,,,,,,,,
ABS019,08SWE10404,MAC,ATH,07CE,1,AB07CE0110,"GREGOIRE LAKE, PROFILE",56.455780,-111.154460,0,1,122,N,,09/29/2008 08:59:07,,,,,,,,,,,,,,,,10.5,,,,,,,,,
ABS019,08SWE10405,MAC,ATH,07CE,1,AB07CE0110,"GREGOIRE LAKE, PROFILE",56.455780,-111.154460,0,1,122,N,,09/29/2008 09:00:03,,,,,,,,,,,,,,,,10.48,,,,,,,,,
ABS019,08SWE10406,MAC,ATH,07CE,1,AB07CE0110,"GREGOIRE LAKE, PROFILE",56.455780,-111.154460,0,1,122,N,,09/29/2008 09:00:54,,,,,,,,,,,,,,,,10.45,,,,,,,,,
ABS019,08SWE10407,MAC,ATH,07CE,1,AB07CE0110,"GREGOIRE LAKE, PROFILE",56.455780,-111.154460,0,1,122,N,,09/29/2008 09:01:53,,,,,,,,,,,,,,,,10.42,,,,,,,,,
ABS019,08SWE10408,MAC,ATH,07CE,1,AB07CE0110,"GREGOIRE LAKE, PROFILE",56.455780,-111.154460,0,1,122,N,,09/29/2008 09:02:50,,,,,,,,,,,,,,,,10.41,,,,,,,,,
ABS019,08SWE10409,MAC,ATH,07CE,1,AB07CE0110,"GREGOIRE LAKE, PROFILE",56.455780,-111.154460,0,1,122,N,,09/29/2008 09:03:52,,,,,,,,,,,,,,,,10.38,,,,,,,,,
ABS019,08SWE10410,MAC,ATH,07CE,1,AB07CE0110,"GREGOIRE LAKE, PROFILE",56.455780,-111.154460,0,1,122,N,,09/29/2008 09:04:54,,,,,,,,,,,,,,,,10.35,,,,,,,,,
ABS019,08SWE10411,MAC,ATH,07CE,1,AB07CE0110,"GREGOIRE LAKE, PROFILE",56.455780,-111.154460,0,1,122,N,,09/29/2008 09:05:49,,,,,,,,,,,,,,,,10.34,,,,,,,,,
ABS019,08SWE10412,MAC,ATH,07CE,1,AB07CE0110,"GREGOIRE LAKE, PROFILE",56.455780,-111.154460,0,1,122,N,,09/29/2008 09:06:47,,,,,,,,,,,,,,,,10.3,,,,,,,,,
ABS019,08SWE10413,MAC,ATH,07CE,1,AB07CE0110,"GREGOIRE LAKE, PROFILE",56.455780,-111.154460,0,1,122,N,,09/29/2008 09:07:56,,,,,,,,,,,,,,,,10.27,,,,,,,,,
ABS019,08SWE10414,MAC,ATH,07CE,1,AB07CE0110,"GREGOIRE LAKE, PROFILE",56.455780,-111.154460,0,1,122,N,,09/29/2008 09:08:53,,,,,,,,,,,,,,,,10.24,,,,,,,,,
ABS019,08SWE10415,MAC,ATH,07CE,1,AB07CE0110,"GREGOIRE LAKE, PROFILE",56.455780,-111.154460,0,1,122,N,,09/29/2008 09:09:46,,,,,,,,,,,,,,,,10.06,,,,,,,,,
ABS019,13SWE10196,MAC,ATH,07CE,1,AB07CE0110,"GREGOIRE LAKE, PROFILE",56.455780,-111.154460,0,1,122,N,,06/19/2013 09:06:00,,,,,,,,,,,,,,,,,8.67,,,,,,,,
ABS019,13SWE10197,MAC,ATH,07CE,1,AB07CE0110,"GREGOIRE LAKE, PROFILE",56.455780,-111.154460,0,1,122,N,,06/19/2013 09:07:00,,,,,,,,,,,,,,,,,8.67,,,,,,,,
ABS019,13SWE10198,MAC,ATH,07CE,1,AB07CE0110,"GREGOIRE LAKE, PROFILE",56.455780,-111.154460,0,1,122,N,,06/19/2013 09:08:00,,,,,,,,,,,,,,,,,8.71,,,,,,,,
ABS019,13SWE10199,MAC,ATH,07CE,1,AB07CE0110,"GREGOIRE LAKE, PROFILE",56.455780,-111.154460,0,1,122,N,,06/19/2013 09:09:00,,,,,,,,,,,,,,,,,8.71,,,,,,,,
ABS019,13SWE10200,MAC,ATH,07CE,1,AB07CE0110,"GREGOIRE LAKE, PROFILE",56.455780,-111.154460,0,1,122,N,,06/19/2013 09:10:00,,,,,,,,,,,,,,,,,8.73,,,,,,,,
ABS019,13SWE10201,MAC,ATH,07CE,1,AB07CE0110,"GREGOIRE LAKE, PROFILE",56.455780,-111.154460,0,1,122,N,,06/19/2013 09:11:00,,,,,,,,,,,,,,,,,8.72,,,,,,,,
ABS019,13SWE10202,MAC,ATH,07CE,1,AB07CE0110,"GREGOIRE LAKE, PROFILE",56.455780,-111.154460,0,1,122,N,,06/19/2013 09:12:00,,,,,,,,,,,,,,,,,8.74,,,,,,,,
ABS019,13SWE10203,MAC,ATH,07CE,1,AB07CE0110,"GREGOIRE LAKE, PROFILE",56.455780,-111.154460,0,1,122,N,,06/19/2013 09:13:00,,,,,,,,,,,,,,,,,8.73,,,,,,,,
ABS019,13SWE10204,MAC,ATH,07CE,1,AB07CE0110,"GREGOIRE LAKE, PROFILE",56.455780,-111.154460,0,1,122,N,,06/19/2013 09:14:00,,,,,,,,,,,,,,,,,8.57,,,,,,,,
ABS019,13SWE10205,MAC,ATH,07CE,1,AB07CE0110,"GREGOIRE LAKE, PROFILE",56.455780,-111.154460,0,1,122,N,,06/19/2013 09:15:00,,,,,,,,,,,,,,,,,8.09,,,,,,,,
ABS019,13SWE10206,MAC,ATH,07CE,1,AB07CE0110,"GREGOIRE LAKE, PROFILE",56.455780,-111.154460,0,1,122,N,,06/19/2013 09:16:00,,,,,,,,,,,,,,,,,7.53,,,,,,,,
ABS019,13SWE10207,MAC,ATH,07CE,1,AB07CE0110,"GREGOIRE LAKE, PROFILE",56.455780,-111.154460,0,1,122,N,,06/19/2013 09:17:00,,,,,,,,,,,,,,,,,7.12,,,,,,,,
ABS019,13SWE10208,MAC,ATH,07CE,1,AB07CE0110,"GREGOIRE LAKE, PROFILE",56.455780,-111.154460,0,1,122,N,,06/19/2013 09:18:00,,,,,,,,,,,,,,,,,6.67,,,,,,,,
ABS019,13SWE10209,MAC,ATH,07CE,1,AB07CE0110,"GREGOIRE LAKE, PROFILE",56.455780,-111.154460,0,1,122,N,,06/19/2013 09:19:00,,,,,,,,,,,,,,,,,6.34,,,,,,,,
ABS019,13SWE10210,MAC,ATH,07CE,1,AB07CE0110,"GREGOIRE LAKE, PROFILE",56.455780,-111.154460,0,1,122,N,,06/19/2013 09:20:00,,,,,,,,,,,,,,,,,5.81,,,,,,,,
ABS019,13SWE10211,MAC,ATH,07CE,1,AB07CE0110,"GREGOIRE LAKE, PROFILE",56.455780,-111.154460,0,1,122,N,,06/19/2013 09:21:00,,,,,,,,,,,,,,,,,5.43,,,,,,,,
ABS019,13SWE10500,MAC,ATH,07CE,1,AB07CE0110,"GREGOIRE LAKE, PROFILE",56.455780,-111.154460,0,1,122,N,,07/16/2013 09:11:00,,,,,,,,,,,,,,,,,8.75,,,,,,,,
ABS019,13SWE10501,MAC,ATH,07CE,1,AB07CE0110,"GREGOIRE LAKE, PROFILE",56.455780,-111.154460,0,1,122,N,,07/16/2013 09:12:00,,,,,,,,,,,,,,,,,8.8,,,,,,,,
ABS019,13SWE10502,MAC,ATH,07CE,1,AB07CE0110,"GREGOIRE LAKE, PROFILE",56.455780,-111.154460,0,1,122,N,,07/16/2013 09:13:00,,,,,,,,,,,,,,,,,8.78,,,,,,,,
ABS019,13SWE10503,MAC,ATH,07CE,1,AB07CE0110,"GREGOIRE LAKE, PROFILE",56.455780,-111.154460,0,1,122,N,,07/16/2013 09:14:00,,,,,,,,,,,,,,,,,8.74,,,,,,,,
ABS019,13SWE10504,MAC,ATH,07CE,1,AB07CE0110,"GREGOIRE LAKE, PROFILE",56.455780,-111.154460,0,1,122,N,,07/16/2013 09:15:00,,,,,,,,,,,,,,,,,8.75,,,,,,,,
ABS019,13SWE10505,MAC,ATH,07CE,1,AB07CE0110,"GREGOIRE LAKE, PROFILE",56.455780,-111.154460,0,1,122,N,,07/16/2013 09:16:00,,,,,,,,,,,,,,,,,8.7,,,,,,,,
ABS019,13SWE10506,MAC,ATH,07CE,1,AB07CE0110,"GREGOIRE LAKE, PROFILE",56.455780,-111.154460,0,1,122,N,,07/16/2013 09:17:00,,,,,,,,,,,,,,,,,8.73,,,,,,,,
ABS019,13SWE10507,MAC,ATH,07CE,1,AB07CE0110,"GREGOIRE LAKE, PROFILE",56.455780,-111.154460,0,1,122,N,,07/16/2013 09:18:00,,,,,,,,,,,,,,,,,8.68,,,,,,,,
ABS019,13SWE10508,MAC,ATH,07CE,1,AB07CE0110,"GREGOIRE LAKE, PROFILE",56.455780,-111.154460,0,1,122,N,,07/16/2013 09:19:00,,,,,,,,,,,,,,,,,8.65,,,,,,,,
ABS019,13SWE10509,MAC,ATH,07CE,1,AB07CE0110,"GREGOIRE LAKE, PROFILE",56.455780,-111.154460,0,1,122,N,,07/16/2013 09:20:00,,,,,,,,,,,,,,,,,8.62,,,,,,,,
ABS019,13SWE10510,MAC,ATH,07CE,1,AB07CE0110,"GREGOIRE LAKE, PROFILE",56.455780,-111.154460,0,1,122,N,,07/16/2013 09:21:00,,,,,,,,,,,,,,,,,8.57,,,,,,,,
ABS019,13SWE10511,MAC,ATH,07CE,1,AB07CE0110,"GREGOIRE LAKE, PROFILE",56.455780,-111.154460,0,1,122,N,,07/16/2013 09:22:00,,,,,,,,,,,,,,,,,8.42,,,,,,,,
ABS019,13SWE10653,MAC,ATH,07CE,1,AB07CE0110,"GREGOIRE LAKE, PROFILE",56.455780,-111.154460,0,1,122,N,,07/27/2013 10:08:00,,,,,,,,,,,,,,,,,8.97,,,,,,,,
ABS019,13SWE10654,MAC,ATH,07CE,1,AB07CE0110,"GREGOIRE LAKE, PROFILE",56.455780,-111.154460,0,1,122,N,,07/27/2013 10:09:00,,,,,,,,,,,,,,,,,8.97,,,,,,,,
ABS019,13SWE10655,MAC,ATH,07CE,1,AB07CE0110,"GREGOIRE LAKE, PROFILE",56.455780,-111.154460,0,1,122,N,,07/27/2013 10:10:00,,,,,,,,,,,,,,,,,8.97,,,,,,,,
ABS019,13SWE10656,MAC,ATH,07CE,1,AB07CE0110,"GREGOIRE LAKE, PROFILE",56.455780,-111.154460,0,1,122,N,,07/27/2013 10:11:00,,,,,,,,,,,,,,,,,8.91,,,,,,,,
ABS019,13SWE10657,MAC,ATH,07CE,1,AB07CE0110,"GREGOIRE LAKE, PROFILE",56.455780,-111.154460,0,1,122,N,,07/27/2013 10:12:00,,,,,,,,,,,,,,,,,8.94,,,,,,,,
ABS019,13SWE10658,MAC,ATH,07CE,1,AB07CE0110,"GREGOIRE LAKE, PROFILE",56.455780,-111.154460,0,1,122,N,,07/27/2013 10:13:00,,,,,,,,,,,,,,,,,8.89,,,,,,,,
ABS019,13SWE10659,MAC,ATH,07CE,1,AB07CE0110,"GREGOIRE LAKE, PROFILE",56.455780,-111.154460,0,1,122,N,,07/27/2013 10:14:00,,,,,,,,,,,,,,,,,8.89,,,,,,,,
ABS019,13SWE10660,MAC,ATH,07CE,1,AB07CE0110,"GREGOIRE LAKE, PROFILE",56.455780,-111.154460,0,1,122,N,,07/27/2013 10:15:00,,,,,,,,,,,,,,,,,8.9,,,,,,,,
ABS019,13SWE10661,MAC,ATH,07CE,1,AB07CE0110,"GREGOIRE LAKE, PROFILE",56.455780,-111.154460,0,1,122,N,,07/27/2013 10:16:00,,,,,,,,,,,,,,,,,8.92,,,,,,,,
ABS019,13SWE10662,MAC,ATH,07CE,1,AB07CE0110,"GREGOIRE LAKE, PROFILE",56.455780,-111.154460,0,1,122,N,,07/27/2013 10:17:00,,,,,,,,,,,,,,,,,8.93,,,,,,,,
ABS019,13SWE10663,MAC,ATH,07CE,1,AB07CE0110,"GREGOIRE LAKE, PROFILE",56.455780,-111.154460,0,1,122,N,,07/27/2013 10:18:00,,,,,,,,,,,,,,,,,8.85,,,,,,,,
ABS019,13SWE10664,MAC,ATH,07CE,1,AB07CE0110,"GREGOIRE LAKE, PROFILE",56.455780,-111.154460,0,1,122,N,,07/27/2013 10:19:00,,,,,,,,,,,,,,,,,8.74,,,,,,,,
ABS019,13SWE07561,MAC,ATH,07CE,1,AB07CE0110,"GREGOIRE LAKE, PROFILE",56.455780,-111.154460,0,1,122,N,,08/27/2013 08:50:00,,,,,,,,,,,,,,,,,8.5,,,,,,,,
ABS019,13SWE07562,MAC,ATH,07CE,1,AB07CE0110,"GREGOIRE LAKE, PROFILE",56.455780,-111.154460,0,1,122,N,,08/27/2013 08:51:00,,,,,,,,,,,,,,,,,8.52,,,,,,,,
ABS019,13SWE07563,MAC,ATH,07CE,1,AB07CE0110,"GREGOIRE LAKE, PROFILE",56.455780,-111.154460,0,1,122,N,,08/27/2013 08:52:00,,,,,,,,,,,,,,,,,8.49,,,,,,,,
ABS019,13SWE07564,MAC,ATH,07CE,1,AB07CE0110,"GREGOIRE LAKE, PROFILE",56.455780,-111.154460,0,1,122,N,,08/27/2013 08:53:00,,,,,,,,,,,,,,,,,8.47,,,,,,,,
ABS019,13SWE07565,MAC,ATH,07CE,1,AB07CE0110,"GREGOIRE LAKE, PROFILE",56.455780,-111.154460,0,1,122,N,,08/27/2013 08:54:00,,,,,,,,,,,,,,,,,8.48,,,,,,,,
ABS019,13SWE07566,MAC,ATH,07CE,1,AB07CE0110,"GREGOIRE LAKE, PROFILE",56.455780,-111.154460,0,1,122,N,,08/27/2013 08:55:00,,,,,,,,,,,,,,,,,8.5,,,,,,,,
ABS019,13SWE07567,MAC,ATH,07CE,1,AB07CE0110,"GREGOIRE LAKE, PROFILE",56.455780,-111.154460,0,1,122,N,,08/27/2013 08:56:00,,,,,,,,,,,,,,,,,8.42,,,,,,,,
ABS019,13SWE07568,MAC,ATH,07CE,1,AB07CE0110,"GREGOIRE LAKE, PROFILE",56.455780,-111.154460,0,1,122,N,,08/27/2013 08:57:00,,,,,,,,,,,,,,,,,8.42,,,,,,,,
ABS019,13SWE07569,MAC,ATH,07CE,1,AB07CE0110,"GREGOIRE LAKE, PROFILE",56.455780,-111.154460,0,1,122,N,,08/27/2013 08:58:00,,,,,,,,,,,,,,,,,8.29,,,,,,,,
ABS019,13SWE07570,MAC,ATH,07CE,1,AB07CE0110,"GREGOIRE LAKE, PROFILE",56.455780,-111.154460,0,1,122,N,,08/27/2013 08:59:00,,,,,,,,,,,,,,,,,6.22,,,,,,,,
ABS019,13SWE07571,MAC,ATH,07CE,1,AB07CE0110,"GREGOIRE LAKE, PROFILE",56.455780,-111.154460,0,1,122,N,,08/27/2013 09:00:00,,,,,,,,,,,,,,,,,5.76,,,,,,,,
ABS019,13SWE07572,MAC,ATH,07CE,1,AB07CE0110,"GREGOIRE LAKE, PROFILE",56.455780,-111.154460,0,1,122,N,,08/27/2013 09:01:00,,,,,,,,,,,,,,,,,5.85,,,,,,,,
ABS019,13SWE07573,MAC,ATH,07CE,1,AB07CE0110,"GREGOIRE LAKE, PROFILE",56.455780,-111.154460,0,1,122,N,,08/27/2013 09:02:00,,,,,,,,,,,,,,,,,5.49,,,,,,,,
ABS019,17SWE06670,MAC,ATH,07CE,1,AB07CE0110,"GREGOIRE LAKE, PROFILE",56.455780,-111.154460,0,1,122,N,,06/26/2017 10:15:00,,,,,,,,,,,,,,,,,9.71,,,,,,,,
ABS019,17SWE06671,MAC,ATH,07CE,1,AB07CE0110,"GREGOIRE LAKE, PROFILE",56.455780,-111.154460,0,1,122,N,,06/26/2017 10:16:00,,,,,,,,,,,,,,,,,9.76,,,,,,,,
ABS019,17SWE06672,MAC,ATH,07CE,1,AB07CE0110,"GREGOIRE LAKE, PROFILE",56.455780,-111.154460,0,1,122,N,,06/26/2017 10:17:00,,,,,,,,,,,,,,,,,9.73,,,,,,,,
ABS019,17SWE06673,MAC,ATH,07CE,1,AB07CE0110,"GREGOIRE LAKE, PROFILE",56.455780,-111.154460,0,1,122,N,,06/26/2017 10:18:00,,,,,,,,,,,,,,,,,9.72,,,,,,,,
ABS019,17SWE06674,MAC,ATH,07CE,1,AB07CE0110,"GREGOIRE LAKE, PROFILE",56.455780,-111.154460,0,1,122,N,,06/26/2017 10:19:00,,,,,,,,,,,,,,,,,9.74,,,,,,,,
ABS019,17SWE06675,MAC,ATH,07CE,1,AB07CE0110,"GREGOIRE LAKE, PROFILE",56.455780,-111.154460,0,1,122,N,,06/26/2017 10:20:00,,,,,,,,,,,,,,,,,9.73,,,,,,,,
ABS019,17SWE06676,MAC,ATH,07CE,1,AB07CE0110,"GREGOIRE LAKE, PROFILE",56.455780,-111.154460,0,1,122,N,,06/26/2017 10:21:00,,,,,,,,,,,,,,,,,9.73,,,,,,,,
ABS019,17SWE06677,MAC,ATH,07CE,1,AB07CE0110,"GREGOIRE LAKE, PROFILE",56.455780,-111.154460,0,1,122,N,,06/26/2017 10:22:00,,,,,,,,,,,,,,,,,9.69,,,,,,,,
ABS019,17SWE06678,MAC,ATH,07CE,1,AB07CE0110,"GREGOIRE LAKE, PROFILE",56.455780,-111.154460,0,1,122,N,,06/26/2017 10:23:00,,,,,,,,,,,,,,,,,9.71,,,,,,,,
ABS019,17SWE06679,MAC,ATH,07CE,1,AB07CE0110,"GREGOIRE LAKE, PROFILE",56.455780,-111.154460,0,1,122,N,,06/26/2017 10:24:00,,,,,,,,,,,,,,,,,9.48,,,,,,,,
ABS019,17SWE04602,MAC,ATH,07CE,1,AB07CE0110,"GREGOIRE LAKE, PROFILE",56.455780,-111.154460,0,1,122,N,,07/26/2017 08:20:00,,,,,,,,,,,,,,,,,11.25,,,,,,,,
ABS019,17SWE04603,MAC,ATH,07CE,1,AB07CE0110,"GREGOIRE LAKE, PROFILE",56.455780,-111.154460,0,1,122,N,,07/26/2017 08:21:00,,,,,,,,,,,,,,,,,11.06,,,,,,,,
ABS019,17SWE04604,MAC,ATH,07CE,1,AB07CE0110,"GREGOIRE LAKE, PROFILE",56.455780,-111.154460,0,1,122,N,,07/26/2017 08:22:00,,,,,,,,,,,,,,,,,10.48,,,,,,,,
ABS019,17SWE04605,MAC,ATH,07CE,1,AB07CE0110,"GREGOIRE LAKE, PROFILE",56.455780,-111.154460,0,1,122,N,,07/26/2017 08:23:00,,,,,,,,,,,,,,,,,10.28,,,,,,,,
ABS019,17SWE04606,MAC,ATH,07CE,1,AB07CE0110,"GREGOIRE LAKE, PROFILE",56.455780,-111.154460,0,1,122,N,,07/26/2017 08:24:00,,,,,,,,,,,,,,,,,10.04,,,,,,,,
ABS019,17SWE04607,MAC,ATH,07CE,1,AB07CE0110,"GREGOIRE LAKE, PROFILE",56.455780,-111.154460,0,1,122,N,,07/26/2017 08:25:00,,,,,,,,,,,,,,,,,9.89,,,,,,,,
ABS019,17SWE04608,MAC,ATH,07CE,1,AB07CE0110,"GREGOIRE LAKE, PROFILE",56.455780,-111.154460,0,1,122,N,,07/26/2017 08:26:00,,,,,,,,,,,,,,,,,9.78,,,,,,,,
ABS019,17SWE04609,MAC,ATH,07CE,1,AB07CE0110,"GREGOIRE LAKE, PROFILE",56.455780,-111.154460,0,1,122,N,,07/26/2017 08:27:00,,,,,,,,,,,,,,,,,9.64,,,,,,,,
ABS019,17SWE04610,MAC,ATH,07CE,1,AB07CE0110,"GREGOIRE LAKE, PROFILE",56.455780,-111.154460,0,1,122,N,,07/26/2017 08:28:00,,,,,,,,,,,,,,,,,9.19,,,,,,,,
ABS019,17SWE04611,MAC,ATH,07CE,1,AB07CE0110,"GREGOIRE LAKE, PROFILE",56.455780,-111.154460,0,1,122,N,,07/26/2017 08:29:00,,,,,,,,,,,,,,,,,8.09,,,,,,,,
ABS019,17SWE04612,MAC,ATH,07CE,1,AB07CE0110,"GREGOIRE LAKE, PROFILE",56.455780,-111.154460,0,1,122,N,,07/26/2017 08:30:00,,,,,,,,,,,,,,,,,7.82,,,,,,,,
ABS019,17SWE04613,MAC,ATH,07CE,1,AB07CE0110,"GREGOIRE LAKE, PROFILE",56.455780,-111.154460,0,1,122,N,,07/26/2017 08:31:00,,,,,,,,,,,,,,,,,7.6,,,,,,,,
ABS019,17SWE07204,MAC,ATH,07CE,1,AB07CE0110,"GREGOIRE LAKE, PROFILE",56.455780,-111.154460,0,1,16,N,Top Grab for Hg and Metals,08/23/2017 08:19:00,7.5,,,,19.2,,0.43,0.007,,0.71,,,,,,,7.93,,,,,,,,0.152
ABS019,17SWE07205,MAC,ATH,07CE,1,AB07CE0110,"GREGOIRE LAKE, PROFILE",56.455780,-111.154460,0,1,122,N,,08/23/2017 08:20:00,,,,,,,,,,,,,,,,,7.94,,,,,,,,
ABS019,17SWE07206,MAC,ATH,07CE,1,AB07CE0110,"GREGOIRE LAKE, PROFILE",56.455780,-111.154460,0,1,122,N,,08/23/2017 08:21:00,,,,,,,,,,,,,,,,,7.95,,,,,,,,
ABS019,17SWE07207,MAC,ATH,07CE,1,AB07CE0110,"GREGOIRE LAKE, PROFILE",56.455780,-111.154460,0,1,122,N,,08/23/2017 08:22:00,,,,,,,,,,,,,,,,,7.92,,,,,,,,
ABS019,17SWE07208,MAC,ATH,07CE,1,AB07CE0110,"GREGOIRE LAKE, PROFILE",56.455780,-111.154460,0,1,122,N,,08/23/2017 08:23:00,,,,,,,,,,,,,,,,,7.89,,,,,,,,
ABS019,17SWE07209,MAC,ATH,07CE,1,AB07CE0110,"GREGOIRE LAKE, PROFILE",56.455780,-111.154460,0,1,122,N,,08/23/2017 08:24:00,,,,,,,,,,,,,,,,,7.88,,,,,,,,
ABS019,17SWE07210,MAC,ATH,07CE,1,AB07CE0110,"GREGOIRE LAKE, PROFILE",56.455780,-111.154460,0,1,122,N,,08/23/2017 08:25:00,,,,,,,,,,,,,,,,,7.88,,,,,,,,
ABS019,17SWE07211,MAC,ATH,07CE,1,AB07CE0110,"GREGOIRE LAKE, PROFILE",56.455780,-111.154460,0,1,122,N,,08/23/2017 08:26:00,,,,,,,,,,,,,,,,,7.86,,,,,,,,
ABS019,17SWE07212,MAC,ATH,07CE,1,AB07CE0110,"GREGOIRE LAKE, PROFILE",56.455780,-111.154460,0,1,122,N,,08/23/2017 08:27:00,,,,,,,,,,,,,,,,,7.88,,,,,,,,
ABS019,17SWE07213,MAC,ATH,07CE,1,AB07CE0110,"GREGOIRE LAKE, PROFILE",56.455780,-111.154460,0,1,122,N,,08/23/2017 08:28:00,,,,,,,,,,,,,,,,,7.89,,,,,,,,
ABS019,17SWE07214,MAC,ATH,07CE,1,AB07CE0110,"GREGOIRE LAKE, PROFILE",56.455780,-111.154460,0,1,122,N,,08/23/2017 08:29:00,,,,,,,,,,,,,,,,,7.88,,,,,,,,
ABS019,17SWE07215,MAC,ATH,07CE,1,AB07CE0110,"GREGOIRE LAKE, PROFILE",56.455780,-111.154460,0,1,122,N,,08/23/2017 08:30:00,,,,,,,,,,,,,,,,,7.89,,,,,,,,
ABS019,17SWE07216,MAC,ATH,07CE,1,AB07CE0110,"GREGOIRE LAKE, PROFILE",56.455780,-111.154460,0,1,122,N,,08/23/2017 08:31:00,,,,,,,,,,,,,,,,,7.88,,,,,,,,
ABS019,17SWE07217,MAC,ATH,07CE,1,AB07CE0110,"GREGOIRE LAKE, PROFILE",56.455780,-111.154460,0,1,17,N,Bottom Grab at 6.5 m for metals and Hg,08/23/2017 08:32:00,8,,,,19.3,,0.41,0.014,,0.76,,,,,,,7.86,,,,,,,,0.181
ABS019,17SWE07218,MAC,ATH,07CE,1,AB07CE0110,"GREGOIRE LAKE, PROFILE",56.455780,-111.154460,0,1,122,N,,08/23/2017 08:33:00,,,,,,,,,,,,,,,,,7.87,,,,,,,,
ABS019,17SWE14737,MAC,ATH,07CE,1,AB07CE0110,"GREGOIRE LAKE, PROFILE",56.455780,-111.154460,0,1,122,N,,09/24/2017 08:04:00,,,,,,,,,,,,,,,,,9.33,,,,,,,,
ABS019,17SWE14738,MAC,ATH,07CE,1,AB07CE0110,"GREGOIRE LAKE, PROFILE",56.455780,-111.154460,0,1,122,N,,09/24/2017 08:05:00,,,,,,,,,,,,,,,,,9.3,,,,,,,,
ABS019,17SWE14739,MAC,ATH,07CE,1,AB07CE0110,"GREGOIRE LAKE, PROFILE",56.455780,-111.154460,0,1,122,N,,09/24/2017 08:06:00,,,,,,,,,,,,,,,,,9.31,,,,,,,,
ABS019,17SWE14740,MAC,ATH,07CE,1,AB07CE0110,"GREGOIRE LAKE, PROFILE",56.455780,-111.154460,0,1,122,N,,09/24/2017 08:07:00,,,,,,,,,,,,,,,,,9.3,,,,,,,,
ABS019,17SWE14741,MAC,ATH,07CE,1,AB07CE0110,"GREGOIRE LAKE, PROFILE",56.455780,-111.154460,0,1,122,N,,09/24/2017 08:08:00,,,,,,,,,,,,,,,,,9.3,,,,,,,,
ABS019,17SWE14742,MAC,ATH,07CE,1,AB07CE0110,"GREGOIRE LAKE, PROFILE",56.455780,-111.154460,0,1,122,N,,09/24/2017 08:09:00,,,,,,,,,,,,,,,,,9.29,,,,,,,,
ABS019,17SWE14743,MAC,ATH,07CE,1,AB07CE0110,"GREGOIRE LAKE, PROFILE",56.455780,-111.154460,0,1,122,N,,09/24/2017 08:10:00,,,,,,,,,,,,,,,,,9.32,,,,,,,,
ABS019,17SWE14744,MAC,ATH,07CE,1,AB07CE0110,"GREGOIRE LAKE, PROFILE",56.455780,-111.154460,0,1,122,N,,09/24/2017 08:11:00,,,,,,,,,,,,,,,,,9.31,,,,,,,,
ABS019,17SWE14745,MAC,ATH,07CE,1,AB07CE0110,"GREGOIRE LAKE, PROFILE",56.455780,-111.154460,0,1,122,N,,09/24/2017 08:12:00,,,,,,,,,,,,,,,,,9.27,,,,,,,,
ABS019,17SWE14746,MAC,ATH,07CE,1,AB07CE0110,"GREGOIRE LAKE, PROFILE",56.455780,-111.154460,0,1,122,N,,09/24/2017 08:13:00,,,,,,,,,,,,,,,,,9.25,,,,,,,,
ABS019,17SWE14747,MAC,ATH,07CE,1,AB07CE0110,"GREGOIRE LAKE, PROFILE",56.455780,-111.154460,0,1,122,N,,09/24/2017 08:14:00,,,,,,,,,,,,,,,,,9.29,,,,,,,,
ABS019,21SWE00889,MAC,ATH,07CE,1,AB07CE0110,"GREGOIRE LAKE, PROFILE",56.455780,-111.154460,0,1,122,N,,06/18/2021 08:48:00,,,,,,,,,,,,,,,,,8.7,,,,,,,,
ABS019,21SWE00890,MAC,ATH,07CE,1,AB07CE0110,"GREGOIRE LAKE, PROFILE",56.455780,-111.154460,0,1,122,N,,06/18/2021 08:49:00,,,,,,,,,,,,,,,,,8.69,,,,,,,,
ABS019,21SWE00891,MAC,ATH,07CE,1,AB07CE0110,"GREGOIRE LAKE, PROFILE",56.455780,-111.154460,0,1,122,N,,06/18/2021 08:50:00,,,,,,,,,,,,,,,,,8.67,,,,,,,,
ABS019,21SWE00892,MAC,ATH,07CE,1,AB07CE0110,"GREGOIRE LAKE, PROFILE",56.455780,-111.154460,0,1,122,N,,06/18/2021 08:51:00,,,,,,,,,,,,,,,,,8.68,,,,,,,,
ABS019,21SWE00893,MAC,ATH,07CE,1,AB07CE0110,"GREGOIRE LAKE, PROFILE",56.455780,-111.154460,0,1,122,N,,06/18/2021 08:52:00,,,,,,,,,,,,,,,,,8.68,,,,,,,,
ABS019,21SWE00894,MAC,ATH,07CE,1,AB07CE0110,"GREGOIRE LAKE, PROFILE",56.455780,-111.154460,0,1,122,N,,06/18/2021 08:53:00,,,,,,,,,,,,,,,,,8.65,,,,,,,,
ABS019,21SWE00895,MAC,ATH,07CE,1,AB07CE0110,"GREGOIRE LAKE, PROFILE",56.455780,-111.154460,0,1,122,N,,06/18/2021 08:54:00,,,,,,,,,,,,,,,,,8.65,,,,,,,,
ABS019,21SWE00896,MAC,ATH,07CE,1,AB07CE0110,"GREGOIRE LAKE, PROFILE",56.455780,-111.154460,0,1,122,N,,06/18/2021 08:55:00,,,,,,,,,,,,,,,,,8.67,,,,,,,,
ABS019,21SWE00897,MAC,ATH,07CE,1,AB07CE0110,"GREGOIRE LAKE, PROFILE",56.455780,-111.154460,0,1,122,N,,06/18/2021 08:56:00,,,,,,,,,,,,,,,,,8.67,,,,,,,,
ABS019,21SWE00898,MAC,ATH,07CE,1,AB07CE0110,"GREGOIRE LAKE, PROFILE",56.455780,-111.154460,0,1,122,N,,06/18/2021 08:57:00,,,,,,,,,,,,,,,,,8.65,,,,,,,,
ABS019,21SWE00899,MAC,ATH,07CE,1,AB07CE0110,"GREGOIRE LAKE, PROFILE",56.455780,-111.154460,0,1,122,N,,06/18/2021 08:58:00,,,,,,,,,,,,,,,,,8.68,,,,,,,,
ABS019,21SWE00900,MAC,ATH,07CE,1,AB07CE0110,"GREGOIRE LAKE, PROFILE",56.455780,-111.154460,0,1,122,N,,06/18/2021 08:59:00,,,,,,,,,,,,,,,,,8.61,,,,,,,,
ABS019,21SWE00901,MAC,ATH,07CE,1,AB07CE0110,"GREGOIRE LAKE, PROFILE",56.455780,-111.154460,0,1,122,N,,06/18/2021 09:00:00,,,,,,,,,,,,,,,,,8.63,,,,,,,,
ABS019,21SWE00902,MAC,ATH,07CE,1,AB07CE0110,"GREGOIRE LAKE, PROFILE",56.455780,-111.154460,0,1,122,N,,06/18/2021 09:01:00,,,,,,,,,,,,,,,,,8.61,,,,,,,,
ABS019,21SWE00903,MAC,ATH,07CE,1,AB07CE0110,"GREGOIRE LAKE, PROFILE",56.455780,-111.154460,0,1,122,N,,06/18/2021 09:02:00,,,,,,,,,,,,,,,,,8.6,,,,,,,,
ABS019,21SWE00904,MAC,ATH,07CE,1,AB07CE0110,"GREGOIRE LAKE, PROFILE",56.455780,-111.154460,0,1,122,N,,06/18/2021 09:03:00,,,,,,,,,,,,,,,,,8.53,,,,,,,,
ABS019,21SWE00998,MAC,ATH,07CE,1,AB07CE0110,"GREGOIRE LAKE, PROFILE",56.455780,-111.154460,0,1,122,N,,07/09/2021 14:38:00,,,,,,,,,,,,,,,,,9.78,,,,,,,,
ABS019,21SWE00999,MAC,ATH,07CE,1,AB07CE0110,"GREGOIRE LAKE, PROFILE",56.455780,-111.154460,0,1,122,N,,07/09/2021 14:39:00,,,,,,,,,,,,,,,,,9.81,,,,,,,,
ABS019,21SWE01000,MAC,ATH,07CE,1,AB07CE0110,"GREGOIRE LAKE, PROFILE",56.455780,-111.154460,0,1,122,N,,07/09/2021 14:40:00,,,,,,,,,,,,,,,,,10.07,,,,,,,,
ABS019,21SWE01001,MAC,ATH,07CE,1,AB07CE0110,"GREGOIRE LAKE, PROFILE",56.455780,-111.154460,0,1,122,N,,07/09/2021 14:41:00,,,,,,,,,,,,,,,,,10.22,,,,,,,,
ABS019,21SWE01002,MAC,ATH,07CE,1,AB07CE0110,"GREGOIRE LAKE, PROFILE",56.455780,-111.154460,0,1,122,N,,07/09/2021 14:42:00,,,,,,,,,,,,,,,,,9.96,,,,,,,,
ABS019,21SWE01003,MAC,ATH,07CE,1,AB07CE0110,"GREGOIRE LAKE, PROFILE",56.455780,-111.154460,0,1,122,N,,07/09/2021 14:43:00,,,,,,,,,,,,,,,,,9.4,,,,,,,,
ABS019,21SWE01004,MAC,ATH,07CE,1,AB07CE0110,"GREGOIRE LAKE, PROFILE",56.455780,-111.154460,0,1,122,N,,07/09/2021 14:44:00,,,,,,,,,,,,,,,,,9.16,,,,,,,,
ABS019,21SWE01005,MAC,ATH,07CE,1,AB07CE0110,"GREGOIRE LAKE, PROFILE",56.455780,-111.154460,0,1,122,N,,07/09/2021 14:45:00,,,,,,,,,,,,,,,,,9.07,,,,,,,,
ABS019,21SWE01006,MAC,ATH,07CE,1,AB07CE0110,"GREGOIRE LAKE, PROFILE",56.455780,-111.154460,0,1,122,N,,07/09/2021 14:46:00,,,,,,,,,,,,,,,,,8.82,,,,,,,,
ABS019,21SWE01007,MAC,ATH,07CE,1,AB07CE0110,"GREGOIRE LAKE, PROFILE",56.455780,-111.154460,0,1,122,N,,07/09/2021 14:47:00,,,,,,,,,,,,,,,,,7.68,,,,,,,,
ABS019,21SWE01008,MAC,ATH,07CE,1,AB07CE0110,"GREGOIRE LAKE, PROFILE",56.455780,-111.154460,0,1,122,N,,07/09/2021 14:48:00,,,,,,,,,,,,,,,,,6.65,,,,,,,,
ABS019,21SWE01009,MAC,ATH,07CE,1,AB07CE0110,"GREGOIRE LAKE, PROFILE",56.455780,-111.154460,0,1,122,N,,07/09/2021 14:49:00,,,,,,,,,,,,,,,,,6.42,,,,,,,,
ABS019,21SWE01010,MAC,ATH,07CE,1,AB07CE0110,"GREGOIRE LAKE, PROFILE",56.455780,-111.154460,0,1,122,N,,07/09/2021 14:50:00,,,,,,,,,,,,,,,,,6.11,,,,,,,,
ABS019,21SWE01011,MAC,ATH,07CE,1,AB07CE0110,"GREGOIRE LAKE, PROFILE",56.455780,-111.154460,0,1,122,N,,07/09/2021 14:51:00,,,,,,,,,,,,,,,,,4.63,,,,,,,,
ABS019,21SWE01012,MAC,ATH,07CE,1,AB07CE0110,"GREGOIRE LAKE, PROFILE",56.455780,-111.154460,0,1,122,N,,07/09/2021 14:52:00,,,,,,,,,,,,,,,,,3.82,,,,,,,,
ABS019,21SWE01013,MAC,ATH,07CE,1,AB07CE0110,"GREGOIRE LAKE, PROFILE",56.455780,-111.154460,0,1,122,N,,07/09/2021 14:53:00,,,,,,,,,,,,,,,,,2.17,,,,,,,,
ABS019,21SWE01432,MAC,ATH,07CE,1,AB07CE0110,"GREGOIRE LAKE, PROFILE",56.455780,-111.154460,0,1,122,N,,08/20/2021 14:30:00,,,,,,,,,,,,,,,,,8.28,,,,,,,,
ABS019,21SWE01433,MAC,ATH,07CE,1,AB07CE0110,"GREGOIRE LAKE, PROFILE",56.455780,-111.154460,0,1,122,N,,08/20/2021 14:31:00,,,,,,,,,,,,,,,,,8.29,,,,,,,,
ABS019,21SWE01434,MAC,ATH,07CE,1,AB07CE0110,"GREGOIRE LAKE, PROFILE",56.455780,-111.154460,0,1,122,N,,08/20/2021 14:32:00,,,,,,,,,,,,,,,,,8.29,,,,,,,,
ABS019,21SWE01435,MAC,ATH,07CE,1,AB07CE0110,"GREGOIRE LAKE, PROFILE",56.455780,-111.154460,0,1,122,N,,08/20/2021 14:33:00,,,,,,,,,,,,,,,,,8.29,,,,,,,,
ABS019,21SWE01436,MAC,ATH,07CE,1,AB07CE0110,"GREGOIRE LAKE, PROFILE",56.455780,-111.154460,0,1,122,N,,08/20/2021 14:34:00,,,,,,,,,,,,,,,,,8.31,,,,,,,,
ABS019,21SWE01437,MAC,ATH,07CE,1,AB07CE0110,"GREGOIRE LAKE, PROFILE",56.455780,-111.154460,0,1,122,N,,08/20/2021 14:35:00,,,,,,,,,,,,,,,,,8.32,,,,,,,,
ABS019,21SWE01438,MAC,ATH,07CE,1,AB07CE0110,"GREGOIRE LAKE, PROFILE",56.455780,-111.154460,0,1,122,N,,08/20/2021 14:36:00,,,,,,,,,,,,,,,,,8.29,,,,,,,,
ABS019,21SWE01439,MAC,ATH,07CE,1,AB07CE0110,"GREGOIRE LAKE, PROFILE",56.455780,-111.154460,0,1,122,N,,08/20/2021 14:37:00,,,,,,,,,,,,,,,,,8.28,,,,,,,,
ABS019,21SWE01440,MAC,ATH,07CE,1,AB07CE0110,"GREGOIRE LAKE, PROFILE",56.455780,-111.154460,0,1,122,N,,08/20/2021 14:38:00,,,,,,,,,,,,,,,,,8.26,,,,,,,,
ABS019,21SWE01441,MAC,ATH,07CE,1,AB07CE0110,"GREGOIRE LAKE, PROFILE",56.455780,-111.154460,0,1,122,N,,08/20/2021 14:39:00,,,,,,,,,,,,,,,,,8.23,,,,,,,,
ABS019,21SWE01442,MAC,ATH,07CE,1,AB07CE0110,"GREGOIRE LAKE, PROFILE",56.455780,-111.154460,0,1,122,N,,08/20/2021 14:40:00,,,,,,,,,,,,,,,,,8.13,,,,,,,,
ABS019,21SWE01443,MAC,ATH,07CE,1,AB07CE0110,"GREGOIRE LAKE, PROFILE",56.455780,-111.154460,0,1,122,N,,08/20/2021 14:41:00,,,,,,,,,,,,,,,,,7.93,,,,,,,,
ABS019,21SWE01444,MAC,ATH,07CE,1,AB07CE0110,"GREGOIRE LAKE, PROFILE",56.455780,-111.154460,0,1,122,N,,08/20/2021 14:42:00,,,,,,,,,,,,,,,,,7.69,,,,,,,,
ABS019,21SWE01445,MAC,ATH,07CE,1,AB07CE0110,"GREGOIRE LAKE, PROFILE",56.455780,-111.154460,0,1,122,N,,08/20/2021 14:43:00,,,,,,,,,,,,,,,,,7.73,,,,,,,,
ABS019,21SWE01446,MAC,ATH,07CE,1,AB07CE0110,"GREGOIRE LAKE, PROFILE",56.455780,-111.154460,0,1,122,N,,08/20/2021 14:44:00,,,,,,,,,,,,,,,,,7.62,,,,,,,,
ABS019,21SWE01447,MAC,ATH,07CE,1,AB07CE0110,"GREGOIRE LAKE, PROFILE",56.455780,-111.154460,0,1,122,N,,08/20/2021 14:45:00,,,,,,,,,,,,,,,,,7.4,,,,,,,,
ABS019,21SWE01689,MAC,ATH,07CE,1,AB07CE0110,"GREGOIRE LAKE, PROFILE",56.455780,-111.154460,0,1,122,N,,09/17/2021 13:45:00,,,,,,,,,,,,,,,,,9.55,,,,,,,,
ABS019,21SWE01690,MAC,ATH,07CE,1,AB07CE0110,"GREGOIRE LAKE, PROFILE",56.455780,-111.154460,0,1,122,N,,09/17/2021 13:46:00,,,,,,,,,,,,,,,,,9.6,,,,,,,,
ABS019,21SWE01691,MAC,ATH,07CE,1,AB07CE0110,"GREGOIRE LAKE, PROFILE",56.455780,-111.154460,0,1,122,N,,09/17/2021 13:47:00,,,,,,,,,,,,,,,,,9.57,,,,,,,,
ABS019,21SWE01692,MAC,ATH,07CE,1,AB07CE0110,"GREGOIRE LAKE, PROFILE",56.455780,-111.154460,0,1,122,N,,09/17/2021 13:48:00,,,,,,,,,,,,,,,,,9.55,,,,,,,,
ABS019,21SWE01693,MAC,ATH,07CE,1,AB07CE0110,"GREGOIRE LAKE, PROFILE",56.455780,-111.154460,0,1,122,N,,09/17/2021 13:49:00,,,,,,,,,,,,,,,,,9.6,,,,,,,,
ABS019,21SWE01694,MAC,ATH,07CE,1,AB07CE0110,"GREGOIRE LAKE, PROFILE",56.455780,-111.154460,0,1,122,N,,09/17/2021 13:50:00,,,,,,,,,,,,,,,,,9.51,,,,,,,,
ABS019,21SWE01695,MAC,ATH,07CE,1,AB07CE0110,"GREGOIRE LAKE, PROFILE",56.455780,-111.154460,0,1,122,N,,09/17/2021 13:51:00,,,,,,,,,,,,,,,,,9.52,,,,,,,,
ABS019,21SWE01696,MAC,ATH,07CE,1,AB07CE0110,"GREGOIRE LAKE, PROFILE",56.455780,-111.154460,0,1,122,N,,09/17/2021 13:52:00,,,,,,,,,,,,,,,,,9.45,,,,,,,,
ABS019,21SWE01697,MAC,ATH,07CE,1,AB07CE0110,"GREGOIRE LAKE, PROFILE",56.455780,-111.154460,0,1,122,N,,09/17/2021 13:53:00,,,,,,,,,,,,,,,,,9.46,,,,,,,,
ABS019,21SWE01698,MAC,ATH,07CE,1,AB07CE0110,"GREGOIRE LAKE, PROFILE",56.455780,-111.154460,0,1,122,N,,09/17/2021 13:54:00,,,,,,,,,,,,,,,,,9.46,,,,,,,,
ABS019,21SWE01699,MAC,ATH,07CE,1,AB07CE0110,"GREGOIRE LAKE, PROFILE",56.455780,-111.154460,0,1,122,N,,09/17/2021 13:55:00,,,,,,,,,,,,,,,,,9.39,,,,,,,,
ABS019,21SWE01700,MAC,ATH,07CE,1,AB07CE0110,"GREGOIRE LAKE, PROFILE",56.455780,-111.154460,0,1,122,N,,09/17/2021 13:56:00,,,,,,,,,,,,,,,,,9.34,,,,,,,,
ABS019,21SWE01701,MAC,ATH,07CE,1,AB07CE0110,"GREGOIRE LAKE, PROFILE",56.455780,-111.154460,0,1,122,N,,09/17/2021 13:57:00,,,,,,,,,,,,,,,,,9.33,,,,,,,,
ABS019,21SWE01702,MAC,ATH,07CE,1,AB07CE0110,"GREGOIRE LAKE, PROFILE",56.455780,-111.154460,0,1,122,N,,09/17/2021 13:58:00,,,,,,,,,,,,,,,,,9.16,,,,,,,,
ABS019,21SWE01703,MAC,ATH,07CE,1,AB07CE0110,"GREGOIRE LAKE, PROFILE",56.455780,-111.154460,0,1,122,N,,09/17/2021 13:59:00,,,,,,,,,,,,,,,,,9.07,,,,,,,,
ABS019,25SWE01095,MAC,ATH,07CE,1,AB07CE0110,"GREGOIRE LAKE, PROFILE",56.455780,-111.154460,0,1,122,N,,06/12/2025 08:30:00,,,,,,,,,,,,,,,,,9.63,,,,,,,,
ABS019,25SWE01096,MAC,ATH,07CE,1,AB07CE0110,"GREGOIRE LAKE, PROFILE",56.455780,-111.154460,0,1,122,N,,06/12/2025 08:31:00,,,,,,,,,,,,,,,,,9.64,,,,,,,,
ABS019,25SWE01097,MAC,ATH,07CE,1,AB07CE0110,"GREGOIRE LAKE, PROFILE",56.455780,-111.154460,0,1,122,N,,06/12/2025 08:32:00,,,,,,,,,,,,,,,,,9.65,,,,,,,,
ABS019,25SWE01098,MAC,ATH,07CE,1,AB07CE0110,"GREGOIRE LAKE, PROFILE",56.455780,-111.154460,0,1,122,N,,06/12/2025 08:33:00,,,,,,,,,,,,,,,,,9.61,,,,,,,,
ABS019,25SWE01099,MAC,ATH,07CE,1,AB07CE0110,"GREGOIRE LAKE, PROFILE",56.455780,-111.154460,0,1,122,N,,06/12/2025 08:34:00,,,,,,,,,,,,,,,,,9.55,,,,,,,,
ABS019,25SWE01100,MAC,ATH,07CE,1,AB07CE0110,"GREGOIRE LAKE, PROFILE",56.455780,-111.154460,0,1,122,N,,06/12/2025 08:35:00,,,,,,,,,,,,,,,,,9.52,,,,,,,,
ABS019,25SWE01101,MAC,ATH,07CE,1,AB07CE0110,"GREGOIRE LAKE, PROFILE",56.455780,-111.154460,0,1,122,N,,06/12/2025 08:36:00,,,,,,,,,,,,,,,,,9.5,,,,,,,,
ABS019,25SWE01102,MAC,ATH,07CE,1,AB07CE0110,"GREGOIRE LAKE, PROFILE",56.455780,-111.154460,0,1,122,N,,06/12/2025 08:37:00,,,,,,,,,,,,,,,,,9.49,,,,,,,,
ABS019,25SWE01103,MAC,ATH,07CE,1,AB07CE0110,"GREGOIRE LAKE, PROFILE",56.455780,-111.154460,0,1,122,N,,06/12/2025 08:38:00,,,,,,,,,,,,,,,,,9.48,,,,,,,,
ABS019,25SWE01104,MAC,ATH,07CE,1,AB07CE0110,"GREGOIRE LAKE, PROFILE",56.455780,-111.154460,0,1,122,N,,06/12/2025 08:39:00,,,,,,,,,,,,,,,,,9.47,,,,,,,,
ABS019,25SWE01105,MAC,ATH,07CE,1,AB07CE0110,"GREGOIRE LAKE, PROFILE",56.455780,-111.154460,0,1,122,N,,06/12/2025 08:40:00,,,,,,,,,,,,,,,,,9.46,,,,,,,,
ABS019,25SWE01106,MAC,ATH,07CE,1,AB07CE0110,"GREGOIRE LAKE, PROFILE",56.455780,-111.154460,0,1,122,N,,06/12/2025 08:41:00,,,,,,,,,,,,,,,,,9.47,,,,,,,,
ABS019,25SWE01107,MAC,ATH,07CE,1,AB07CE0110,"GREGOIRE LAKE, PROFILE",56.455780,-111.154460,0,1,122,N,,06/12/2025 08:42:00,,,,,,,,,,,,,,,,,9.47,,,,,,,,
ABS019,25SWE01108,MAC,ATH,07CE,1,AB07CE0110,"GREGOIRE LAKE, PROFILE",56.455780,-111.154460,0,1,122,N,,06/12/2025 08:43:00,,,,,,,,,,,,,,,,,9.47,,,,,,,,
ABS019,25SWE01320,MAC,ATH,07CE,1,AB07CE0110,"GREGOIRE LAKE, PROFILE",56.455780,-111.154460,0,1,122,N,,07/14/2025 08:40:00,,,,,,,,,,,,,,,,,8.9,,,,,,,,
ABS019,25SWE01321,MAC,ATH,07CE,1,AB07CE0110,"GREGOIRE LAKE, PROFILE",56.455780,-111.154460,0,1,122,N,,07/14/2025 08:41:00,,,,,,,,,,,,,,,,,8.91,,,,,,,,
ABS019,25SWE01322,MAC,ATH,07CE,1,AB07CE0110,"GREGOIRE LAKE, PROFILE",56.455780,-111.154460,0,1,122,N,,07/14/2025 08:42:00,,,,,,,,,,,,,,,,,8.9,,,,,,,,
ABS019,25SWE01323,MAC,ATH,07CE,1,AB07CE0110,"GREGOIRE LAKE, PROFILE",56.455780,-111.154460,0,1,122,N,,07/14/2025 08:43:00,,,,,,,,,,,,,,,,,8.87,,,,,,,,
ABS019,25SWE01324,MAC,ATH,07CE,1,AB07CE0110,"GREGOIRE LAKE, PROFILE",56.455780,-111.154460,0,1,122,N,,07/14/2025 08:44:00,,,,,,,,,,,,,,,,,8.88,,,,,,,,
ABS019,25SWE01325,MAC,ATH,07CE,1,AB07CE0110,"GREGOIRE LAKE, PROFILE",56.455780,-111.154460,0,1,122,N,,07/14/2025 08:45:00,,,,,,,,,,,,,,,,,8.88,,,,,,,,
ABS019,25SWE01326,MAC,ATH,07CE,1,AB07CE0110,"GREGOIRE LAKE, PROFILE",56.455780,-111.154460,0,1,122,N,,07/14/2025 08:46:00,,,,,,,,,,,,,,,,,8.89,,,,,,,,
ABS019,25SWE01327,MAC,ATH,07CE,1,AB07CE0110,"GREGOIRE LAKE, PROFILE",56.455780,-111.154460,0,1,122,N,,07/14/2025 08:47:00,,,,,,,,,,,,,,,,,8.88,,,,,,,,
ABS019,25SWE01328,MAC,ATH,07CE,1,AB07CE0110,"GREGOIRE LAKE, PROFILE",56.455780,-111.154460,0,1,122,N,,07/14/2025 08:48:00,,,,,,,,,,,,,,,,,8.89,,,,,,,,
ABS019,25SWE01329,MAC,ATH,07CE,1,AB07CE0110,"GREGOIRE LAKE, PROFILE",56.455780,-111.154460,0,1,122,N,,07/14/2025 08:49:00,,,,,,,,,,,,,,,,,8.89,,,,,,,,
ABS019,25SWE01330,MAC,ATH,07CE,1,AB07CE0110,"GREGOIRE LAKE, PROFILE",56.455780,-111.154460,0,1,122,N,,07/14/2025 08:50:00,,,,,,,,,,,,,,,,,8.89,,,,,,,,
ABS019,25SWE01331,MAC,ATH,07CE,1,AB07CE0110,"GREGOIRE LAKE, PROFILE",56.455780,-111.154460,0,1,122,N,,07/14/2025 08:51:00,,,,,,,,,,,,,,,,,8.9,,,,,,,,
ABS019,25SWE01332,MAC,ATH,07CE,1,AB07CE0110,"GREGOIRE LAKE, PROFILE",56.455780,-111.154460,0,1,122,N,,07/14/2025 08:52:00,,,,,,,,,,,,,,,,,8.86,,,,,,,,
ABS019,25SWE01333,MAC,ATH,07CE,1,AB07CE0110,"GREGOIRE LAKE, PROFILE",56.455780,-111.154460,0,1,122,N,,07/14/2025 08:53:00,,,,,,,,,,,,,,,,,8.84,,,,,,,,
ABS019,25SWE01334,MAC,ATH,07CE,1,AB07CE0110,"GREGOIRE LAKE, PROFILE",56.455780,-111.154460,0,1,122,N,,07/14/2025 08:54:00,,,,,,,,,,,,,,,,,8.8,,,,,,,,
ABS019,25SWE01562,MAC,ATH,07CE,1,AB07CE0110,"GREGOIRE LAKE, PROFILE",56.455780,-111.154460,0,1,122,N,,08/20/2025 08:30:00,,,,,,,,,,,,,,,,,9.88,,,,,,,,
ABS019,25SWE01564,MAC,ATH,07CE,1,AB07CE0110,"GREGOIRE LAKE, PROFILE",56.455780,-111.154460,0,1,122,N,,08/20/2025 08:32:00,,,,,,,,,,,,,,,,,9.9,,,,,,,,
ABS019,25SWE01565,MAC,ATH,07CE,1,AB07CE0110,"GREGOIRE LAKE, PROFILE",56.455780,-111.154460,0,1,122,N,,08/20/2025 08:33:00,,,,,,,,,,,,,,,,,9.89,,,,,,,,
ABS019,25SWE01566,MAC,ATH,07CE,1,AB07CE0110,"GREGOIRE LAKE, PROFILE",56.455780,-111.154460,0,1,122,N,,08/20/2025 08:34:00,,,,,,,,,,,,,,,,,9.89,,,,,,,,
ABS019,25SWE01567,MAC,ATH,07CE,1,AB07CE0110,"GREGOIRE LAKE, PROFILE",56.455780,-111.154460,0,1,122,N,,08/20/2025 08:35:00,,,,,,,,,,,,,,,,,9.42,,,,,,,,
ABS019,25SWE01568,MAC,ATH,07CE,1,AB07CE0110,"GREGOIRE LAKE, PROFILE",56.455780,-111.154460,0,1,122,N,,08/20/2025 08:36:00,,,,,,,,,,,,,,,,,8.79,,,,,,,,
ABS019,25SWE01569,MAC,ATH,07CE,1,AB07CE0110,"GREGOIRE LAKE, PROFILE",56.455780,-111.154460,0,1,122,N,,08/20/2025 08:37:00,,,,,,,,,,,,,,,,,8.36,,,,,,,,
ABS019,25SWE01570,MAC,ATH,07CE,1,AB07CE0110,"GREGOIRE LAKE, PROFILE",56.455780,-111.154460,0,1,122,N,,08/20/2025 08:38:00,,,,,,,,,,,,,,,,,8.1,,,,,,,,
ABS019,25SWE01571,MAC,ATH,07CE,1,AB07CE0110,"GREGOIRE LAKE, PROFILE",56.455780,-111.154460,0,1,122,N,,08/20/2025 08:39:00,,,,,,,,,,,,,,,,,7.79,,,,,,,,
ABS019,25SWE01572,MAC,ATH,07CE,1,AB07CE0110,"GREGOIRE LAKE, PROFILE",56.455780,-111.154460,0,1,122,N,,08/20/2025 08:40:00,,,,,,,,,,,,,,,,,7.56,,,,,,,,
ABS019,25SWE01573,MAC,ATH,07CE,1,AB07CE0110,"GREGOIRE LAKE, PROFILE",56.455780,-111.154460,0,1,122,N,,08/20/2025 08:41:00,,,,,,,,,,,,,,,,,7.57,,,,,,,,
ABS019,25SWE01574,MAC,ATH,07CE,1,AB07CE0110,"GREGOIRE LAKE, PROFILE",56.455780,-111.154460,0,1,122,N,,08/20/2025 08:42:00,,,,,,,,,,,,,,,,,7.26,,,,,,,,
ABS019,25SWE01575,MAC,ATH,07CE,1,AB07CE0110,"GREGOIRE LAKE, PROFILE",56.455780,-111.154460,0,1,122,N,,08/20/2025 08:43:00,,,,,,,,,,,,,,,,,6.69,,,,,,,,
ABS019,25SWE01576,MAC,ATH,07CE,1,AB07CE0110,"GREGOIRE LAKE, PROFILE",56.455780,-111.154460,0,1,122,N,,08/20/2025 08:44:00,,,,,,,,,,,,,,,,,6.29,,,,,,,,
ABS019,25SWE01563,MAC,ATH,07CE,1,AB07CE0110,"GREGOIRE LAKE, PROFILE",56.455780,-111.154460,0,1,16,N,surface grab - metals,08/20/2025 09:00:00,10.6,,,,,,0.53,0.012,,0.86,,,,,,,9.9,,,,,,,,0.146
ABS019,25SWE03906,MAC,ATH,07CE,1,AB07CE0110,"GREGOIRE LAKE, PROFILE",56.455780,-111.154460,0,1,122,N,,10/06/2025 12:10:00,,,,,,,,,,,,,,,,,10.46,,,,,,,,
ABS019,25SWE03907,MAC,ATH,07CE,1,AB07CE0110,"GREGOIRE LAKE, PROFILE",56.455780,-111.154460,0,1,122,N,,10/06/2025 12:11:00,,,,,,,,,,,,,,,,,10.38,,,,,,,,
ABS019,25SWE03908,MAC,ATH,07CE,1,AB07CE0110,"GREGOIRE LAKE, PROFILE",56.455780,-111.154460,0,1,122,N,,10/06/2025 12:12:00,,,,,,,,,,,,,,,,,10.36,,,,,,,,
ABS019,25SWE03909,MAC,ATH,07CE,1,AB07CE0110,"GREGOIRE LAKE, PROFILE",56.455780,-111.154460,0,1,122,N,,10/06/2025 12:13:00,,,,,,,,,,,,,,,,,10.37,,,,,,,,
ABS019,25SWE03910,MAC,ATH,07CE,1,AB07CE0110,"GREGOIRE LAKE, PROFILE",56.455780,-111.154460,0,1,122,N,,10/06/2025 12:14:00,,,,,,,,,,,,,,,,,10.38,,,,,,,,
ABS019,25SWE03911,MAC,ATH,07CE,1,AB07CE0110,"GREGOIRE LAKE, PROFILE",56.455780,-111.154460,0,1,122,N,,10/06/2025 12:15:00,,,,,,,,,,,,,,,,,10.37,,,,,,,,
ABS019,25SWE03912,MAC,ATH,07CE,1,AB07CE0110,"GREGOIRE LAKE, PROFILE",56.455780,-111.154460,0,1,122,N,,10/06/2025 12:16:00,,,,,,,,,,,,,,,,,10.37,,,,,,,,
ABS019,25SWE03913,MAC,ATH,07CE,1,AB07CE0110,"GREGOIRE LAKE, PROFILE",56.455780,-111.154460,0,1,122,N,,10/06/2025 12:17:00,,,,,,,,,,,,,,,,,10.35,,,,,,,,
ABS019,25SWE03914,MAC,ATH,07CE,1,AB07CE0110,"GREGOIRE LAKE, PROFILE",56.455780,-111.154460,0,1,122,N,,10/06/2025 12:18:00,,,,,,,,,,,,,,,,,10.36,,,,,,,,
ABS019,25SWE03915,MAC,ATH,07CE,1,AB07CE0110,"GREGOIRE LAKE, PROFILE",56.455780,-111.154460,0,1,122,N,,10/06/2025 12:19:00,,,,,,,,,,,,,,,,,10.34,,,,,,,,
ABS019,25SWE03916,MAC,ATH,07CE,1,AB07CE0110,"GREGOIRE LAKE, PROFILE",56.455780,-111.154460,0,1,122,N,,10/06/2025 12:20:00,,,,,,,,,,,,,,,,,10.32,,,,,,,,
ABS019,25SWE03917,MAC,ATH,07CE,1,AB07CE0110,"GREGOIRE LAKE, PROFILE",56.455780,-111.154460,0,1,122,N,,10/06/2025 12:21:00,,,,,,,,,,,,,,,,,10.3,,,,,,,,
ABS019,25SWE03918,MAC,ATH,07CE,1,AB07CE0110,"GREGOIRE LAKE, PROFILE",56.455780,-111.154460,0,1,122,N,,10/06/2025 12:22:00,,,,,,,,,,,,,,,,,10.28,,,,,,,,
ABS019,25SWE03919,MAC,ATH,07CE,1,AB07CE0110,"GREGOIRE LAKE, PROFILE",56.455780,-111.154460,0,1,122,N,,10/06/2025 12:23:00,,,,,,,,,,,,,,,,,10.27,,,,,,,,
ABS019,25SWE03920,MAC,ATH,07CE,1,AB07CE0110,"GREGOIRE LAKE, PROFILE",56.455780,-111.154460,0,1,122,N,,10/06/2025 12:24:00,,,,,,,,,,,,,,,,,10.26,,,,,,,,
